{
  "102 - NILTON FRANCISCO DA SILVA": {
    "Horas_Registradas_total": 441.2136111111,
    "Horas_Produtivas_total": 177.6030555556,
    "Horas_Improdutivas_total": 220.2955555556,
    "Horas_Auxiliar_total": 15.1425,
    "Horas_Climático_total": 25.4897222222,
    "Horas_Manutencao_total": 2.6827777778,
    "Horas_Motor_Ligado_total": 329.0908333333,
    "Porcentagem_Motor_Ligado": 74.5876430477,
    "Horas_Motor_Ocioso_total": 153.7341666667,
    "Porcentagem_Motor_Ocioso": 34.8434778065,
    "Tempo_Sem_Apontamento_h_total": 187.0855555556,
    "Porcentagem_Sem_Apontamento": 42.4024895978,
    "Eficiencia_Energetica": 0.5396779174,
    "Eficiencia_Operacional": 0.4025330386,
    "Dias_com_dados": 8,
    "Horas_media_por_dia": 55.1517013889,
    "Horas_Motor_Ocioso_media_por_dia": 19.2167708333
  },
  "9999 - Não cadastrado": {
    "Horas_Registradas_total": 260.9616666667,
    "Horas_Produtivas_total": 84.3688888889,
    "Horas_Improdutivas_total": 85.5125,
    "Horas_Auxiliar_total": 30.9611111111,
    "Horas_Climático_total": 35.9855555556,
    "Horas_Manutencao_total": 24.1336111111,
    "Horas_Motor_Ligado_total": 190.3519444444,
    "Porcentagem_Motor_Ligado": 72.9424926181,
    "Horas_Motor_Ocioso_total": 56.0113888889,
    "Porcentagem_Motor_Ocioso": 21.4634546155,
    "Tempo_Sem_Apontamento_h_total": 40.6616666667,
    "Porcentagem_Sem_Apontamento": 15.5814710973,
    "Eficiencia_Energetica": 0.4432257791,
    "Eficiencia_Operacional": 0.3232999312,
    "Dias_com_dados": 8,
    "Horas_media_por_dia": 32.6202083333,
    "Horas_Motor_Ocioso_media_por_dia": 7.0014236111
  },
  "10143 - GILSINEY FERREIRA SILVA": {
    "Horas_Registradas_total": 55.6108333333,
    "Horas_Produtivas_total": 27.1291666667,
    "Horas_Improdutivas_total": 9.4186111111,
    "Horas_Auxiliar_total": 4.1791666667,
    "Horas_Climático_total": 0.0916666667,
    "Horas_Manutencao_total": 14.7922222222,
    "Horas_Motor_Ligado_total": 41.5122222222,
    "Porcentagem_Motor_Ligado": 74.6477255131,
    "Horas_Motor_Ocioso_total": 7.5908333333,
    "Porcentagem_Motor_Ocioso": 13.6499183313,
    "Tempo_Sem_Apontamento_h_total": 0.0863888889,
    "Porcentagem_Sem_Apontamento": 0.1553454313,
    "Eficiencia_Energetica": 0.6535223897,
    "Eficiencia_Operacional": 0.4878395996,
    "Dias_com_dados": 6,
    "Horas_media_por_dia": 9.2684722222,
    "Horas_Motor_Ocioso_media_por_dia": 1.2651388889
  },
  "10232 - CLEOMEDES FERREIRA DE MATOS": {
    "Horas_Registradas_total": 112.9419444444,
    "Horas_Produtivas_total": 37.6444444444,
    "Horas_Improdutivas_total": 41.9444444444,
    "Horas_Auxiliar_total": 1.9508333333,
    "Horas_Climático_total": 0.0,
    "Horas_Manutencao_total": 31.4022222222,
    "Horas_Motor_Ligado_total": 85.4075,
    "Porcentagem_Motor_Ligado": 75.620709755,
    "Horas_Motor_Ocioso_total": 27.2238888889,
    "Porcentagem_Motor_Ocioso": 24.1043210499,
    "Tempo_Sem_Apontamento_h_total": 35.2441666667,
    "Porcentagem_Sem_Apontamento": 31.2055603789,
    "Eficiencia_Energetica": 0.4407627485,
    "Eficiencia_Operacional": 0.3333079188,
    "Dias_com_dados": 5,
    "Horas_media_por_dia": 22.5883888889,
    "Horas_Motor_Ocioso_media_por_dia": 5.4447777778
  },
  "10412 - TIAGO ALMEIDA NUNES": {
    "Horas_Registradas_total": 32.6511111111,
    "Horas_Produtivas_total": 8.1680555556,
    "Horas_Improdutivas_total": 3.3825,
    "Horas_Auxiliar_total": 4.5355555556,
    "Horas_Climático_total": 3.9891666667,
    "Horas_Manutencao_total": 12.5758333333,
    "Horas_Motor_Ligado_total": 21.5747222222,
    "Porcentagem_Motor_Ligado": 66.0765330429,
    "Horas_Motor_Ocioso_total": 3.2619444444,
    "Porcentagem_Motor_Ocioso": 9.9903015041,
    "Tempo_Sem_Apontamento_h_total": 1.2869444444,
    "Porcentagem_Sem_Apontamento": 3.9415027564,
    "Eficiencia_Energetica": 0.3785937762,
    "Eficiencia_Operacional": 0.2501616416,
    "Dias_com_dados": 3,
    "Horas_media_por_dia": 10.8837037037,
    "Horas_Motor_Ocioso_media_por_dia": 1.0873148148
  },
  "10562 - JULIO CESAR FREITAS JUNIOR": {
    "Horas_Registradas_total": 40.5208333333,
    "Horas_Produtivas_total": 21.8280555556,
    "Horas_Improdutivas_total": 10.9302777778,
    "Horas_Auxiliar_total": 2.6802777778,
    "Horas_Climático_total": 0.0,
    "Horas_Manutencao_total": 5.0822222222,
    "Horas_Motor_Ligado_total": 29.9080555556,
    "Porcentagem_Motor_Ligado": 73.8090831191,
    "Horas_Motor_Ocioso_total": 8.9741666667,
    "Porcentagem_Motor_Ocioso": 22.1470437018,
    "Tempo_Sem_Apontamento_h_total": 0.0527777778,
    "Porcentagem_Sem_Apontamento": 0.1302485004,
    "Eficiencia_Energetica": 0.7298386722,
    "Eficiencia_Operacional": 0.5386872322,
    "Dias_com_dados": 8,
    "Horas_media_por_dia": 5.0651041667,
    "Horas_Motor_Ocioso_media_por_dia": 1.1217708333
  },
  "10594 - MARCO VINICIO OLIVEIRA ROSA": {
    "Horas_Registradas_total": 147.2019444444,
    "Horas_Produtivas_total": 14.8811111111,
    "Horas_Improdutivas_total": 28.7336111111,
    "Horas_Auxiliar_total": 7.2530555556,
    "Horas_Climático_total": 41.5261111111,
    "Horas_Manutencao_total": 54.8080555556,
    "Horas_Motor_Ligado_total": 83.5572222222,
    "Porcentagem_Motor_Ligado": 56.7636674485,
    "Horas_Motor_Ocioso_total": 12.3575,
    "Porcentagem_Motor_Ocioso": 8.3949298677,
    "Tempo_Sem_Apontamento_h_total": 21.8458333333,
    "Porcentagem_Sem_Apontamento": 14.8407233449,
    "Eficiencia_Energetica": 0.1780948518,
    "Eficiencia_Operacional": 0.1010931694,
    "Dias_com_dados": 7,
    "Horas_media_por_dia": 21.0288492063,
    "Horas_Motor_Ocioso_media_por_dia": 1.7653571429
  },
  "10605 - ANTONIO MACEDO BORGES": {
    "Horas_Registradas_total": 96.1836111111,
    "Horas_Produtivas_total": 27.8422222222,
    "Horas_Improdutivas_total": 13.5075,
    "Horas_Auxiliar_total": 3.5722222222,
    "Horas_Climático_total": 7.4005555556,
    "Horas_Manutencao_total": 43.8611111111,
    "Horas_Motor_Ligado_total": 53.0091666667,
    "Porcentagem_Motor_Ligado": 55.1124729611,
    "Horas_Motor_Ocioso_total": 8.4508333333,
    "Porcentagem_Motor_Ocioso": 8.7861468661,
    "Tempo_Sem_Apontamento_h_total": 0.5680555556,
    "Porcentagem_Sem_Apontamento": 0.5905949558,
    "Eficiencia_Energetica": 0.5252341052,
    "Eficiencia_Operacional": 0.2894695042,
    "Dias_com_dados": 8,
    "Horas_media_por_dia": 12.0229513889,
    "Horas_Motor_Ocioso_media_por_dia": 1.0563541667
  },
  "10675 - MAICON DOUGLAS JUSTINO DA SILVA": {
    "Horas_Registradas_total": 98.4483333333,
    "Horas_Produtivas_total": 20.5183333333,
    "Horas_Improdutivas_total": 11.2433333333,
    "Horas_Auxiliar_total": 3.2913888889,
    "Horas_Climático_total": 61.0288888889,
    "Horas_Manutencao_total": 2.3663888889,
    "Horas_Motor_Ligado_total": 67.2441666667,
    "Porcentagem_Motor_Ligado": 68.3040173357,
    "Horas_Motor_Ocioso_total": 8.5247222222,
    "Porcentagem_Motor_Ocioso": 8.6590823162,
    "Tempo_Sem_Apontamento_h_total": 4.6102777778,
    "Porcentagem_Sem_Apontamento": 4.6829414188,
    "Eficiencia_Energetica": 0.3051317958,
    "Eficiencia_Operacional": 0.2084172747,
    "Dias_com_dados": 7,
    "Horas_media_por_dia": 14.064047619,
    "Horas_Motor_Ocioso_media_por_dia": 1.2178174603
  },
  "10679 - HELDER RICARDO BORGES": {
    "Horas_Registradas_total": 48.3213888889,
    "Horas_Produtivas_total": 22.0463888889,
    "Horas_Improdutivas_total": 6.2044444444,
    "Horas_Auxiliar_total": 1.0588888889,
    "Horas_Climático_total": 17.3780555556,
    "Horas_Manutencao_total": 1.6336111111,
    "Horas_Motor_Ligado_total": 34.7252777778,
    "Porcentagem_Motor_Ligado": 71.8631615859,
    "Horas_Motor_Ocioso_total": 4.9372222222,
    "Porcentagem_Motor_Ocioso": 10.2174675351,
    "Tempo_Sem_Apontamento_h_total": 1.6788888889,
    "Porcentagem_Sem_Apontamento": 3.4744218399,
    "Eficiencia_Energetica": 0.6348801305,
    "Eficiencia_Operacional": 0.4562449341,
    "Dias_com_dados": 6,
    "Horas_media_por_dia": 8.0535648148,