{
  "9999 - Não cadastrado": {
    "Horas_Registradas": 73.2594444444,
    "Horas_Produtivas": 30.93,
    "Horas_Improdutivas": 40.6791666667,
    "Horas_Auxiliar": 1.6502777778,
    "Horas_Climático": 0.0,
    "Horas_Manutencao": 0.0,
    "Horas_Motor_Ligado": 47.2725,
    "Porcentagem_Motor_Ligado": 64.5275163612,
    "Horas_Motor_Ocioso": 25.1111111111,
    "Porcentagem_Motor_Ocioso": 34.2769608772,
    "Tempo_Sem_Apontamento_h": 31.6144444444,
    "Porcentagem_Sem_Apontamento": 43.1540870726,
    "Eficiencia_Energetica": 0.6542916072,
    "Eficiencia_Operacional": 0.4221981239,
    "Tempo_Total_Manobras_h": 3.7527777778,
    "Quantidade_Manobras": 223,
    "Tempo_Medio_Manobras_min": 1.009715994,
    "Tempo_Total_Transbordo_h": 1.6697222222,
    "Quantidade_Transbordos": 44,
    "Tempo_Medio_Transbordo_min": 2.2768939394,
    "Frotas_no_dia": "153, 163, 202, 317, 371, 421, 422, 507",
    "Vel_Desl_Vazio_media": 10.3508387175,
    "Vel_Desl_Carregado_media": 9.9794496021
  },
  "10568 - DIEISON ALVES CARDOSO": {
    "Horas_Registradas": 11.6372222222,
    "Horas_Produtivas": 7.6391666667,
    "Horas_Improdutivas": 3.5322222222,
    "Horas_Auxiliar": 0.4658333333,
    "Horas_Climático": 0.0,
    "Horas_Manutencao": 0.0,
    "Horas_Motor_Ligado": 5.6916666667,
    "Porcentagem_Motor_Ligado": 48.9091516685,
    "Horas_Motor_Ocioso": 2.4911111111,
    "Porcentagem_Motor_Ocioso": 21.4064066453,
    "Tempo_Sem_Apontamento_h": 0.0,
    "Porcentagem_Sem_Apontamento": 0.0,
    "Eficiencia_Energetica": 1.3421669107,
    "Eficiencia_Operacional": 0.65644245,
    "Tempo_Total_Manobras_h": 1.3666666667,
    "Quantidade_Manobras": 68,
    "Tempo_Medio_Manobras_min": 1.2058823529,
    "Tempo_Total_Transbordo_h": 0.5916666667,
    "Quantidade_Transbordos": 11,
    "Tempo_Medio_Transbordo_min": 3.2272727273,
    "Frotas_no_dia": "371",
    "Vel_Desl_Vazio_media": 8.8652630586,
    "Vel_Desl_Carregado_media": 6.4535170987
  },
  "10670 - MAGNA SOUZA PEREIRA": {
    "Horas_Registradas": 11.6161111111,
    "Horas_Produtivas": 6.0422222222,
    "Horas_Improdutivas": 5.5533333333,
    "Horas_Auxiliar": 0.0205555556,
    "Horas_Climático": 0.0,
    "Horas_Manutencao": 0.0,
    "Horas_Motor_Ligado": 5.045,
    "Porcentagem_Motor_Ligado": 43.4310583959,
    "Horas_Motor_Ocioso": 2.1463888889,
    "Porcentagem_Motor_Ocioso": 18.4776890334,
    "Tempo_Sem_Apontamento_h": 1.4391666667,
    "Porcentagem_Sem_Apontamento": 12.3894016931,
    "Eficiencia_Energetica": 1.1976654553,
    "Eficiencia_Operacional": 0.5201587833,
    "Tempo_Total_Manobras_h": 0.9541666667,
    "Quantidade_Manobras": 51,
    "Tempo_Medio_Manobras_min": 1.1225490196,
    "Tempo_Total_Transbordo_h": 0.0,
    "Quantidade_Transbordos": 0,
    "Tempo_Medio_Transbordo_min": 0.0,
    "Frotas_no_dia": "421",
    "Vel_Desl_Vazio_media": null,
    "Vel_Desl_Carregado_media": 6.3489798736
  },
  "10675 - MAICON DOUGLAS JUSTINO DA SILVA": {
    "Horas_Registradas": 5.3572222222,
    "Horas_Produtivas": 3.8013888889,
    "Horas_Improdutivas": 1.2480555556,
    "Horas_Auxiliar": 0.3077777778,
    "Horas_Climático": 0.0,
    "Horas_Manutencao": 0.0,
    "Horas_Motor_Ligado": 4.0722222222,
    "Porcentagem_Motor_Ligado": 76.0136886861,
    "Horas_Motor_Ocioso": 1.0052777778,
    "Porcentagem_Motor_Ocioso": 18.7649071866,
    "Tempo_Sem_Apontamento_h": 0.1880555556,
    "Porcentagem_Sem_Apontamento": 3.5103183657,
    "Eficiencia_Energetica": 0.9334924966,
    "Eficiencia_Operacional": 0.7095820803,
    "Tempo_Total_Manobras_h": 0.5188888889,
    "Quantidade_Manobras": 24,
    "Tempo_Medio_Manobras_min": 1.2972222222,
    "Tempo_Total_Transbordo_h": 0.2911111111,
    "Quantidade_Transbordos": 5,
    "Tempo_Medio_Transbordo_min": 3.4933333333,
    "Frotas_no_dia": "507",
    "Vel_Desl_Vazio_media": 6.3228095334,
    "Vel_Desl_Carregado_media": 5.418319455
  },
  "10726 - KAUAN INACIO FELISBINO DUARTE": {
    "Horas_Registradas": 12.2205555556,
    "Horas_Produtivas": 5.8183333333,
    "Horas_Improdutivas": 6.4022222222,
    "Horas_Auxiliar": 0.0,
    "Horas_Climático": 0.0,
    "Horas_Manutencao": 0.0,
    "Horas_Motor_Ligado": 7.7783333333,
    "Porcentagem_Motor_Ligado": 63.6495885803,
    "Horas_Motor_Ocioso": 2.8105555556,
    "Porcentagem_Motor_Ocioso": 22.9985907169,
    "Tempo_Sem_Apontamento_h": 0.0,
    "Porcentagem_Sem_Apontamento": 0.0,
    "Eficiencia_Energetica": 0.7480179987,
    "Eficiencia_Operacional": 0.4761103787,
    "Tempo_Total_Manobras_h": 0.67,
    "Quantidade_Manobras": 33,
    "Tempo_Medio_Manobras_min": 1.2181818182,
    "Tempo_Total_Transbordo_h": 0.2188888889,
    "Quantidade_Transbordos": 11,
    "Tempo_Medio_Transbordo_min": 1.1939393939,
    "Frotas_no_dia": "508",
    "Vel_Desl_Vazio_media": 8.8611987887,
    "Vel_Desl_Carregado_media": 9.5354888039
  },
  "10771 - SAMARA BORGES MENEZES": {
    "Horas_Registradas": 11.7058333333,
    "Horas_Produtivas": 4.9933333333,
    "Horas_Improdutivas": 3.1372222222,
    "Horas_Auxiliar": 0.5691666667,
    "Horas_Climático": 0.0,
    "Horas_Manutencao": 3.0061111111,
    "Horas_Motor_Ligado": 8.6544444444,
    "Porcentagem_Motor_Ligado": 73.9327495788,
    "Horas_Motor_Ocioso": 0.9861111111,
    "Porcentagem_Motor_Ocioso": 8.4241000451,
    "Tempo_Sem_Apontamento_h": 0.0713888889,
    "Porcentagem_Sem_Apontamento": 0.6098573835,
    "Eficiencia_Energetica": 0.5769675183,
    "Eficiencia_Operacional": 0.4265679505,
    "Tempo_Total_Manobras_h": 0.8269444444,
    "Quantidade_Manobras": 39,
    "Tempo_Medio_Manobras_min": 1.2722222222,
    "Tempo_Total_Transbordo_h": 0.7211111111,
    "Quantidade_Transbordos": 9,
    "Tempo_Medio_Transbordo_min": 4.8074074074,
    "Frotas_no_dia": "507",
    "Vel_Desl_Vazio_media": 7.380360251,
    "Vel_Desl_Carregado_media": 5.9721584927
  },
  "10786 - ALESSANDRO FRANCISCO DE ANDRADE": {
    "Horas_Registradas": 6.7394444444,
    "Horas_Produtivas": 3.8702777778,
    "Horas_Improdutivas": 2.8691666667,
    "Horas_Auxiliar": 0.0,
    "Horas_Climático": 0.0,
    "Horas_Manutencao": 0.0,
    "Horas_Motor_Ligado": 1.9741666667,
    "Porcentagem_Motor_Ligado": 29.2927211277,
    "Horas_Motor_Ocioso": 0.7425,
    "Porcentagem_Motor_Ocioso": 11.0172285879,
    "Tempo_Sem_Apontamento_h": 0.0858333333,
    "Porcentagem_Sem_Apontamento": 1.2735965708,
    "Eficiencia_Energetica": 1.9604615168,
    "Eficiencia_Operacional": 0.5742725249,
    "Tempo_Total_Manobras_h": 1.0063888889,
    "Quantidade_Manobras": 28,
    "Tempo_Medio_Manobras_min": 2.156547619,
    "Tempo_Total_Transbordo_h": 0.6397222222,
    "Quantidade_Transbordos": 5,
    "Tempo_Medio_Transbordo_min": 7.6766666667,
    "Frotas_no_dia": "371",
    "Vel_Desl_Vazio_media": 7.3720436105,
    "Vel_Desl_Carregado_media": 8.0637420382
  },
  "10814 - VITOR HUGO CRUZ SILVA": {
    "Horas_Registradas": 23.2377777778,
    "Horas_Produtivas": 7.2516666667,
    "Horas_Improdutivas": 4.175,
    "Horas_Auxiliar": 0.9127777778,
    "Horas_Climático": 0.0,
    "Horas_Manutencao": 10.8983333333,
    "Horas_Motor_Ligado": 10.7891666667,
    "Porcentagem_Motor_Ligado": 46.4294252654,
    "Horas_Motor_Ocioso": 1.8822222222,
    "Porcentagem_Motor_Ocioso": 8.0998374295,
    "Tempo_Sem_Apontamento_h": 0.035,
    "Porcentagem_Sem_Apontamento": 0.1506168117,
    "Eficiencia_Energetica": 0.6721248166,
    "Eficiencia_Operacional": 0.3120636894,
    "Tempo_Total_Manobras_h": 0.8275,
    "Quantidade_Manobras": 35,
    "Tempo_Medio_Manobras_min": 1.4185714286,
    "Tempo_Total_Transbordo_h": 0.8038888889,
    "Quantidade_Transbordos": 14,
    "Tempo_Medio_Transbordo_min": 3.4452380952,
    "Frotas_no_dia": "371, 372, 422",
    "Vel_Desl_Vazio_media": 8.6089815613,
    "Vel_Desl_Carregado_media": 8.257530343
  },
  "10819 - LUCIENE NASCIMENTO OLIVEIRA": {
    "Horas_Registradas": 11.6308333333,
    "Horas_Produtivas": 9.0830555556,
    "Horas_Improdutivas": 2.495,
    "Horas_Auxiliar": 0.0527777778,
    "Horas_Climático": 0.0,
    "Horas_Manutencao": 0.0,