{
  "102 - NILTON FRANCISCO DA SILVA": {
    "Horas_Registradas": 17.9997222222,
    "Horas_Produtivas": 12.9516666667,
    "Horas_Improdutivas": 5.0480555556,
    "Horas_Auxiliar": 0.0,
    "Horas_Climático": 0.0,
    "Horas_Manutencao": 0.0,
    "Horas_Motor_Ligado": 11.0180555556,
    "Porcentagem_Motor_Ligado": 61.2123643883,
    "Horas_Motor_Ocioso": 1.6475,
    "Porcentagem_Motor_Ocioso": 9.1529190265,
    "Tempo_Sem_Apontamento_h": 5.0480555556,
    "Porcentagem_Sem_Apontamento": 28.0451858825,
    "Eficiencia_Energetica": 1.1754947687,
    "Eficiencia_Operacional": 0.7195481412,
    "Tempo_Total_Manobras_h": 1.3830555556,
    "Quantidade_Manobras": 57,
    "Tempo_Medio_Manobras_min": 1.4558479532,
    "Tempo_Total_Transbordo_h": 0.6325,
    "Quantidade_Transbordos": 19,
    "Tempo_Medio_Transbordo_min": 1.9973684211,
    "Frotas_no_dia": "163",
    "Vel_Desl_Vazio_media": 10.1451059167,
    "Vel_Desl_Carregado_media": 8.6506438394
  },
  "9999 - Não cadastrado": {
    "Horas_Registradas": 36.7961111111,
    "Horas_Produtivas": 13.9397222222,
    "Horas_Improdutivas": 21.9191666667,
    "Horas_Auxiliar": 0.9372222222,
    "Horas_Climático": 0.0,
    "Horas_Manutencao": 0.0,
    "Horas_Motor_Ligado": 11.3513888889,
    "Porcentagem_Motor_Ligado": 30.849425513,
    "Horas_Motor_Ocioso": 2.0822222222,
    "Porcentagem_Motor_Ocioso": 5.6588105627,
    "Tempo_Sem_Apontamento_h": 1.9102777778,
    "Porcentagem_Sem_Apontamento": 5.1915208431,
    "Eficiencia_Energetica": 1.2280190872,
    "Eficiencia_Operacional": 0.3788368336,
    "Tempo_Total_Manobras_h": 2.8311111111,
    "Quantidade_Manobras": 134,
    "Tempo_Medio_Manobras_min": 1.2676616915,
    "Tempo_Total_Transbordo_h": 0.8755555556,
    "Quantidade_Transbordos": 16,
    "Tempo_Medio_Transbordo_min": 3.2833333333,
    "Frotas_no_dia": "153, 202, 317, 371, 421, 507",
    "Vel_Desl_Vazio_media": 8.9025404268,
    "Vel_Desl_Carregado_media": 7.7678679718
  },
  "10568 - DIEISON ALVES CARDOSO": {
    "Horas_Registradas": 11.7536111111,
    "Horas_Produtivas": 7.3027777778,
    "Horas_Improdutivas": 3.8588888889,
    "Horas_Auxiliar": 0.4705555556,
    "Horas_Climático": 0.0,
    "Horas_Manutencao": 0.1213888889,
    "Horas_Motor_Ligado": 5.0841666667,
    "Porcentagem_Motor_Ligado": 43.2562096755,
    "Horas_Motor_Ocioso": 0.7527777778,
    "Porcentagem_Motor_Ocioso": 6.4046510529,
    "Tempo_Sem_Apontamento_h": 0.0213888889,
    "Porcentagem_Sem_Apontamento": 0.1819771701,
    "Eficiencia_Energetica": 1.4363765503,
    "Eficiencia_Operacional": 0.6213220523,
    "Tempo_Total_Manobras_h": 1.0041666667,
    "Quantidade_Manobras": 54,
    "Tempo_Medio_Manobras_min": 1.1157407407,
    "Tempo_Total_Transbordo_h": 0.6038888889,
    "Quantidade_Transbordos": 10,
    "Tempo_Medio_Transbordo_min": 3.6233333333,
    "Frotas_no_dia": "371",
    "Vel_Desl_Vazio_media": 7.9726580621,
    "Vel_Desl_Carregado_media": 8.5284752059
  },
  "10670 - MAGNA SOUZA PEREIRA": {
    "Horas_Registradas": 12.2166666667,
    "Horas_Produtivas": 6.4383333333,
    "Horas_Improdutivas": 5.4680555556,
    "Horas_Auxiliar": 0.2111111111,
    "Horas_Climático": 0.0,
    "Horas_Manutencao": 0.0991666667,
    "Horas_Motor_Ligado": 5.5258333333,
    "Porcentagem_Motor_Ligado": 45.2319236016,
    "Horas_Motor_Ocioso": 2.3191666667,
    "Porcentagem_Motor_Ocioso": 18.9836289222,
    "Tempo_Sem_Apontamento_h": 0.9877777778,
    "Porcentagem_Sem_Apontamento": 8.0854934061,
    "Eficiencia_Energetica": 1.165133464,
    "Eficiencia_Operacional": 0.5270122783,
    "Tempo_Total_Manobras_h": 0.91,
    "Quantidade_Manobras": 45,
    "Tempo_Medio_Manobras_min": 1.2133333333,
    "Tempo_Total_Transbordo_h": 0.0,
    "Quantidade_Transbordos": 0,
    "Tempo_Medio_Transbordo_min": 0.0,
    "Frotas_no_dia": "421",
    "Vel_Desl_Vazio_media": null,
    "Vel_Desl_Carregado_media": 6.1486781229
  },
  "10726 - KAUAN INACIO FELISBINO DUARTE": {
    "Horas_Registradas": 5.7966666667,
    "Horas_Produtivas": 3.1166666667,
    "Horas_Improdutivas": 2.68,
    "Horas_Auxiliar": 0.0,
    "Horas_Climático": 0.0,
    "Horas_Manutencao": 0.0,
    "Horas_Motor_Ligado": 4.0625,
    "Porcentagem_Motor_Ligado": 70.0833812536,
    "Horas_Motor_Ocioso": 1.5044444444,
    "Porcentagem_Motor_Ocioso": 25.9536131877,
    "Tempo_Sem_Apontamento_h": 0.0605555556,
    "Porcentagem_Sem_Apontamento": 1.044661683,
    "Eficiencia_Energetica": 0.7671794872,
    "Eficiencia_Operacional": 0.5376653249,
    "Tempo_Total_Manobras_h": 0.3858333333,
    "Quantidade_Manobras": 27,
    "Tempo_Medio_Manobras_min": 0.8574074074,
    "Tempo_Total_Transbordo_h": 0.1947222222,
    "Quantidade_Transbordos": 5,
    "Tempo_Medio_Transbordo_min": 2.3366666667,
    "Frotas_no_dia": "508",
    "Vel_Desl_Vazio_media": 7.4272699197,
    "Vel_Desl_Carregado_media": 7.2958050847
  },
  "10728 - RENATA SILVA ARAUJO": {
    "Horas_Registradas": 11.9291666667,
    "Horas_Produtivas": 6.1277777778,
    "Horas_Improdutivas": 5.5508333333,
    "Horas_Auxiliar": 0.2505555556,
    "Horas_Climático": 0.0,
    "Horas_Manutencao": 0.0,
    "Horas_Motor_Ligado": 6.9205555556,
    "Porcentagem_Motor_Ligado": 58.0137385027,
    "Horas_Motor_Ocioso": 2.6755555556,
    "Porcentagem_Motor_Ocioso": 22.4286878566,
    "Tempo_Sem_Apontamento_h": 0.0594444444,
    "Porcentagem_Sem_Apontamento": 0.4983117942,
    "Eficiencia_Energetica": 0.885445934,
    "Eficiencia_Operacional": 0.5136802887,
    "Tempo_Total_Manobras_h": 0.5655555556,
    "Quantidade_Manobras": 28,
    "Tempo_Medio_Manobras_min": 1.2119047619,
    "Tempo_Total_Transbordo_h": 0.9561111111,
    "Quantidade_Transbordos": 15,
    "Tempo_Medio_Transbordo_min": 3.8244444444,
    "Frotas_no_dia": "422",
    "Vel_Desl_Vazio_media": 5.5633834264,
    "Vel_Desl_Carregado_media": 5.1766041896
  },
  "10771 - SAMARA BORGES MENEZES": {
    "Horas_Registradas": 11.6852777778,
    "Horas_Produtivas": 7.8408333333,
    "Horas_Improdutivas": 3.4641666667,
    "Horas_Auxiliar": 0.3802777778,
    "Horas_Climático": 0.0,
    "Horas_Manutencao": 0.0,
    "Horas_Motor_Ligado": 8.6291666667,
    "Porcentagem_Motor_Ligado": 73.8464829914,
    "Horas_Motor_Ocioso": 1.2183333333,
    "Porcentagem_Motor_Ocioso": 10.4262248318,
    "Tempo_Sem_Apontamento_h": 0.1575,
    "Porcentagem_Sem_Apontamento": 1.3478498586,
    "Eficiencia_Energetica": 0.9086431676,
    "Eficiencia_Operacional": 0.6710010222,
    "Tempo_Total_Manobras_h": 0.7047222222,
    "Quantidade_Manobras": 34,
    "Tempo_Medio_Manobras_min": 1.243627451,
    "Tempo_Total_Transbordo_h": 1.0863888889,
    "Quantidade_Transbordos": 15,
    "Tempo_Medio_Transbordo_min": 4.3455555556,
    "Frotas_no_dia": "507",
    "Vel_Desl_Vazio_media": 6.1835588235,
    "Vel_Desl_Carregado_media": 7.1691376296
  },
  "10786 - ALESSANDRO FRANCISCO DE ANDRADE": {
    "Horas_Registradas": 6.0747222222,
    "Horas_Produtivas": 3.4194444444,
    "Horas_Improdutivas": 2.6552777778,
    "Horas_Auxiliar": 0.0,
    "Horas_Climático": 0.0,
    "Horas_Manutencao": 0.0,
    "Horas_Motor_Ligado": 2.9333333333,
    "Porcentagem_Motor_Ligado": 48.287530294,
    "Horas_Motor_Ocioso": 0.9436111111,
    "Porcentagem_Motor_Ocioso": 15.5334034478,
    "Tempo_Sem_Apontamento_h": 0.0,
    "Porcentagem_Sem_Apontamento": 0.0,
    "Eficiencia_Energetica": 1.165719697,
    "Eficiencia_Operacional": 0.5628972518,
    "Tempo_Total_Manobras_h": 0.6466666667,
    "Quantidade_Manobras": 24,
    "Tempo_Medio_Manobras_min": 1.6166666667,
    "Tempo_Total_Transbordo_h": 0.5108333333,
    "Quantidade_Transbordos": 6,
    "Tempo_Medio_Transbordo_min": 5.1083333333,
    "Frotas_no_dia": "371",
    "Vel_Desl_Vazio_media": 8.5765797788,
    "Vel_Desl_Carregado_media": 8.3332665182
  },
  "10814 - VITOR HUGO CRUZ SILVA": {
    "Horas_Registradas": 11.2663888889,
    "Horas_Produtivas": 5.9186111111,
    "Horas_Improdutivas": 4.5133333333,
    "Horas_Auxiliar": 0.3780555556,
    "Horas_Climático": 0.0,
    "Horas_Manutencao": 0.4563888889,