{
  "102 - NILTON FRANCISCO DA SILVA": {
    "Horas_Registradas": 7.3358333333,
    "Horas_Produtivas": 5.0683333333,
    "Horas_Improdutivas": 2.2675,
    "Horas_Auxiliar": 0.0,
    "Horas_Climático": 0.0,
    "Horas_Manutencao": 0.0,
    "Horas_Motor_Ligado": 4.1025,
    "Porcentagem_Motor_Ligado": 55.9241167784,
    "Horas_Motor_Ocioso": 1.0836111111,
    "Porcentagem_Motor_Ocioso": 14.7714794199,
    "Tempo_Sem_Apontamento_h": 2.2675,
    "Porcentagem_Sem_Apontamento": 30.9099170737,
    "Eficiencia_Energetica": 1.2354255535,
    "Eficiencia_Operacional": 0.6909008293,
    "Tempo_Total_Manobras_h": 0.7838888889,
    "Quantidade_Manobras": 32,
    "Tempo_Medio_Manobras_min": 1.4697916667,
    "Tempo_Total_Transbordo_h": 0.2241666667,
    "Quantidade_Transbordos": 11,
    "Tempo_Medio_Transbordo_min": 1.2227272727,
    "Frotas_no_dia": "163",
    "Vel_Desl_Vazio_media": 8.0605450942,
    "Vel_Desl_Carregado_media": 7.5962770664
  },
  "9999 - Não cadastrado": {
    "Horas_Registradas": 66.1366666667,
    "Horas_Produtivas": 28.7644444444,
    "Horas_Improdutivas": 34.4086111111,
    "Horas_Auxiliar": 2.7544444444,
    "Horas_Climático": 0.0,
    "Horas_Manutencao": 0.2091666667,
    "Horas_Motor_Ligado": 43.7358333333,
    "Porcentagem_Motor_Ligado": 66.1294793609,
    "Horas_Motor_Ocioso": 21.3077777778,
    "Porcentagem_Motor_Ocioso": 32.2177981621,
    "Tempo_Sem_Apontamento_h": 22.9616666667,
    "Porcentagem_Sem_Apontamento": 34.7185121718,
    "Eficiencia_Energetica": 0.6576859809,
    "Eficiencia_Operacional": 0.434924315,
    "Tempo_Total_Manobras_h": 3.2880555556,
    "Quantidade_Manobras": 195,
    "Tempo_Medio_Manobras_min": 1.0117094017,
    "Tempo_Total_Transbordo_h": 1.4711111111,
    "Quantidade_Transbordos": 38,
    "Tempo_Medio_Transbordo_min": 2.3228070175,
    "Frotas_no_dia": "153, 163, 202, 317, 371, 372, 507, 508",
    "Vel_Desl_Vazio_media": 8.8221581852,
    "Vel_Desl_Carregado_media": 9.5935084204
  },
  "10412 - TIAGO ALMEIDA NUNES": {
    "Horas_Registradas": 0.6788888889,
    "Horas_Produtivas": 0.5433333333,
    "Horas_Improdutivas": 0.0,
    "Horas_Auxiliar": 0.1355555556,
    "Horas_Climático": 0.0,
    "Horas_Manutencao": 0.0,
    "Horas_Motor_Ligado": 0.3330555556,
    "Porcentagem_Motor_Ligado": 49.0589198036,
    "Horas_Motor_Ocioso": 0.0,
    "Porcentagem_Motor_Ocioso": 0.0,
    "Tempo_Sem_Apontamento_h": 0.0,
    "Porcentagem_Sem_Apontamento": 0.0,
    "Eficiencia_Energetica": 1.6313594662,
    "Eficiencia_Operacional": 0.8003273322,
    "Tempo_Total_Manobras_h": 0.0463888889,
    "Quantidade_Manobras": 2,
    "Tempo_Medio_Manobras_min": 1.3916666667,
    "Tempo_Total_Transbordo_h": 0.0219444444,
    "Quantidade_Transbordos": 1,
    "Tempo_Medio_Transbordo_min": 1.3166666667,
    "Frotas_no_dia": "507",
    "Vel_Desl_Vazio_media": 5.5805982906,
    "Vel_Desl_Carregado_media": 11.350065445
  },
  "10568 - DIEISON ALVES CARDOSO": {
    "Horas_Registradas": 12.0694444444,
    "Horas_Produtivas": 2.8952777778,
    "Horas_Improdutivas": 8.7533333333,
    "Horas_Auxiliar": 0.4208333333,
    "Horas_Climático": 0.0,
    "Horas_Manutencao": 0.0,
    "Horas_Motor_Ligado": 7.5372222222,
    "Porcentagem_Motor_Ligado": 62.4487917146,
    "Horas_Motor_Ocioso": 5.8363888889,
    "Porcentagem_Motor_Ocioso": 48.3567318757,
    "Tempo_Sem_Apontamento_h": 0.0,
    "Porcentagem_Sem_Apontamento": 0.0,
    "Eficiencia_Energetica": 0.384130611,
    "Eficiencia_Operacional": 0.2398849252,
    "Tempo_Total_Manobras_h": 0.585,
    "Quantidade_Manobras": 36,
    "Tempo_Medio_Manobras_min": 0.975,
    "Tempo_Total_Transbordo_h": 0.2891666667,
    "Quantidade_Transbordos": 4,
    "Tempo_Medio_Transbordo_min": 4.3375,
    "Frotas_no_dia": "371",
    "Vel_Desl_Vazio_media": 6.9304495238,
    "Vel_Desl_Carregado_media": 6.210008414
  },
  "10670 - MAGNA SOUZA PEREIRA": {
    "Horas_Registradas": 12.2027777778,
    "Horas_Produtivas": 4.1344444444,
    "Horas_Improdutivas": 7.9891666667,
    "Horas_Auxiliar": 0.0791666667,
    "Horas_Climático": 0.0,
    "Horas_Manutencao": 0.0,
    "Horas_Motor_Ligado": 6.4208333333,
    "Porcentagem_Motor_Ligado": 52.6178010471,
    "Horas_Motor_Ocioso": 4.6344444444,
    "Porcentagem_Motor_Ocioso": 37.9786023219,
    "Tempo_Sem_Apontamento_h": 1.2761111111,
    "Porcentagem_Sem_Apontamento": 10.4575460961,
    "Eficiencia_Energetica": 0.6439108804,
    "Eficiencia_Operacional": 0.338811746,
    "Tempo_Total_Manobras_h": 0.4030555556,
    "Quantidade_Manobras": 18,
    "Tempo_Medio_Manobras_min": 1.3435185185,
    "Tempo_Total_Transbordo_h": 0.0,
    "Quantidade_Transbordos": 0,
    "Tempo_Medio_Transbordo_min": 0.0,
    "Frotas_no_dia": "421",
    "Vel_Desl_Vazio_media": null,
    "Vel_Desl_Carregado_media": 5.9534722693
  },
  "10726 - KAUAN INACIO FELISBINO DUARTE": {
    "Horas_Registradas": 16.5894444444,
    "Horas_Produtivas": 5.8958333333,
    "Horas_Improdutivas": 10.4552777778,
    "Horas_Auxiliar": 0.2383333333,
    "Horas_Climático": 0.0,
    "Horas_Manutencao": 0.0,
    "Horas_Motor_Ligado": 8.7558333333,
    "Porcentagem_Motor_Ligado": 52.7795452262,
    "Horas_Motor_Ocioso": 4.4941666667,
    "Porcentagem_Motor_Ocioso": 27.0905194066,
    "Tempo_Sem_Apontamento_h": 2.1869444444,
    "Porcentagem_Sem_Apontamento": 13.1827467265,
    "Eficiencia_Energetica": 0.6733606167,
    "Eficiencia_Operacional": 0.3553966712,
    "Tempo_Total_Manobras_h": 1.7955555556,
    "Quantidade_Manobras": 74,
    "Tempo_Medio_Manobras_min": 1.4558558559,
    "Tempo_Total_Transbordo_h": 0.495,
    "Quantidade_Transbordos": 9,
    "Tempo_Medio_Transbordo_min": 3.3,
    "Frotas_no_dia": "508",
    "Vel_Desl_Vazio_media": 7.7818162544,
    "Vel_Desl_Carregado_media": 5.6570705631
  },
  "10728 - RENATA SILVA ARAUJO": {
    "Horas_Registradas": 12.25,
    "Horas_Produtivas": 4.515,
    "Horas_Improdutivas": 7.5575,
    "Horas_Auxiliar": 0.1775,
    "Horas_Climático": 0.0,
    "Horas_Manutencao": 0.0,
    "Horas_Motor_Ligado": 6.5358333333,
    "Porcentagem_Motor_Ligado": 53.3537414966,
    "Horas_Motor_Ocioso": 3.3402777778,
    "Porcentagem_Motor_Ocioso": 27.2675736961,
    "Tempo_Sem_Apontamento_h": 0.0694444444,
    "Porcentagem_Sem_Apontamento": 0.566893424,
    "Eficiencia_Energetica": 0.6908070891,
    "Eficiencia_Operacional": 0.3685714286,
    "Tempo_Total_Manobras_h": 0.78,
    "Quantidade_Manobras": 33,
    "Tempo_Medio_Manobras_min": 1.4181818182,
    "Tempo_Total_Transbordo_h": 0.4366666667,
    "Quantidade_Transbordos": 6,
    "Tempo_Medio_Transbordo_min": 4.3666666667,
    "Frotas_no_dia": "422",
    "Vel_Desl_Vazio_media": 5.6795761031,
    "Vel_Desl_Carregado_media": 6.4093745984
  },
  "10786 - ALESSANDRO FRANCISCO DE ANDRADE": {
    "Horas_Registradas": 11.9275,
    "Horas_Produtivas": 5.3622222222,
    "Horas_Improdutivas": 6.5652777778,
    "Horas_Auxiliar": 0.0,
    "Horas_Climático": 0.0,
    "Horas_Manutencao": 0.0,
    "Horas_Motor_Ligado": 5.6702777778,
    "Porcentagem_Motor_Ligado": 47.5395328256,
    "Horas_Motor_Ocioso": 3.9091666667,
    "Porcentagem_Motor_Ocioso": 32.7744008943,
    "Tempo_Sem_Apontamento_h": 0.065,
    "Porcentagem_Sem_Apontamento": 0.5449591281,
    "Eficiencia_Energetica": 0.9456718758,
    "Eficiencia_Operacional": 0.4495679918,
    "Tempo_Total_Manobras_h": 1.2788888889,
    "Quantidade_Manobras": 47,
    "Tempo_Medio_Manobras_min": 1.6326241135,
    "Tempo_Total_Transbordo_h": 0.4141666667,
    "Quantidade_Transbordos": 5,
    "Tempo_Medio_Transbordo_min": 4.97,
    "Frotas_no_dia": "371",
    "Vel_Desl_Vazio_media": 7.8526939821,
    "Vel_Desl_Carregado_media": 6.5868947124
  },
  "10814 - VITOR HUGO CRUZ SILVA": {
    "Horas_Registradas": 23.2836111111,
    "Horas_Produtivas": 8.5725,
    "Horas_Improdutivas": 12.1208333333,
    "Horas_Auxiliar": 0.6488888889,
    "Horas_Climático": 0.0,
    "Horas_Manutencao": 1.9413888889,
    "Horas_Motor_Ligado": 10.9983333333,
    "Porcentagem_Motor_Ligado": 47.2363727467,
    "Horas_Motor_Ocioso": 5.7575,