{
  "9999 - Não cadastrado": {
    "Horas_Registradas": 78.8016666667,
    "Horas_Produtivas": 29.6,
    "Horas_Improdutivas": 37.8680555556,
    "Horas_Auxiliar": 7.7783333333,
    "Horas_Climático": 0.0,
    "Horas_Manutencao": 3.5552777778,
    "Horas_Motor_Ligado": 37.8413888889,
    "Porcentagem_Motor_Ligado": 48.0210514442,
    "Horas_Motor_Ocioso": 12.9072222222,
    "Porcentagem_Motor_Ocioso": 16.3793771987,
    "Tempo_Sem_Apontamento_h": 35.8061111111,
    "Porcentagem_Sem_Apontamento": 45.4382662521,
    "Eficiencia_Energetica": 0.7822123043,
    "Eficiencia_Operacional": 0.375626573,
    "Tempo_Total_Manobras_h": 3.8013888889,
    "Quantidade_Manobras": 204,
    "Tempo_Medio_Manobras_min": 1.1180555556,
    "Tempo_Total_Transbordo_h": 1.4405555556,
    "Quantidade_Transbordos": 40,
    "Tempo_Medio_Transbordo_min": 2.1608333333,
    "Frotas_no_dia": "153, 163, 202, 317, 421, 422, 507",
    "Vel_Desl_Vazio_media": 7.8924980473,
    "Vel_Desl_Carregado_media": 8.4167133208
  },
  "10568 - DIEISON ALVES CARDOSO": {
    "Horas_Registradas": 17.1669444444,
    "Horas_Produtivas": 4.2619444444,
    "Horas_Improdutivas": 5.4044444444,
    "Horas_Auxiliar": 0.0047222222,
    "Horas_Climático": 0.0,
    "Horas_Manutencao": 7.4958333333,
    "Horas_Motor_Ligado": 3.0911111111,
    "Porcentagem_Motor_Ligado": 18.0061811298,
    "Horas_Motor_Ocioso": 0.9697222222,
    "Porcentagem_Motor_Ocioso": 5.6487759098,
    "Tempo_Sem_Apontamento_h": 0.0,
    "Porcentagem_Sem_Apontamento": 0.0,
    "Eficiencia_Energetica": 1.3787742631,
    "Eficiencia_Operacional": 0.2482645912,
    "Tempo_Total_Manobras_h": 0.3788888889,
    "Quantidade_Manobras": 24,
    "Tempo_Medio_Manobras_min": 0.9472222222,
    "Tempo_Total_Transbordo_h": 0.3655555556,
    "Quantidade_Transbordos": 7,
    "Tempo_Medio_Transbordo_min": 3.1333333333,
    "Frotas_no_dia": "371",
    "Vel_Desl_Vazio_media": 6.7192797075,
    "Vel_Desl_Carregado_media": 4.8771574132
  },
  "10675 - MAICON DOUGLAS JUSTINO DA SILVA": {
    "Horas_Registradas": 6.1941666667,
    "Horas_Produtivas": 4.43,
    "Horas_Improdutivas": 1.5786111111,
    "Horas_Auxiliar": 0.1855555556,
    "Horas_Climático": 0.0,
    "Horas_Manutencao": 0.0,
    "Horas_Motor_Ligado": 3.7419444444,
    "Porcentagem_Motor_Ligado": 60.4107807525,
    "Horas_Motor_Ocioso": 0.1605555556,
    "Porcentagem_Motor_Ocioso": 2.5920444863,
    "Tempo_Sem_Apontamento_h": 0.0808333333,
    "Porcentagem_Sem_Apontamento": 1.3049912552,
    "Eficiencia_Energetica": 1.1838764754,
    "Eficiencia_Operacional": 0.7151890219,
    "Tempo_Total_Manobras_h": 0.4566666667,
    "Quantidade_Manobras": 25,
    "Tempo_Medio_Manobras_min": 1.096,
    "Tempo_Total_Transbordo_h": 0.3513888889,
    "Quantidade_Transbordos": 7,
    "Tempo_Medio_Transbordo_min": 3.0119047619,
    "Frotas_no_dia": "507",
    "Vel_Desl_Vazio_media": 7.0730947368,
    "Vel_Desl_Carregado_media": 5.983308634
  },
  "10726 - KAUAN INACIO FELISBINO DUARTE": {
    "Horas_Registradas": 13.7186111111,
    "Horas_Produtivas": 3.4666666667,
    "Horas_Improdutivas": 10.0547222222,
    "Horas_Auxiliar": 0.1972222222,
    "Horas_Climático": 0.0,
    "Horas_Manutencao": 0.0,
    "Horas_Motor_Ligado": 4.1544444444,
    "Porcentagem_Motor_Ligado": 30.2832729261,
    "Horas_Motor_Ocioso": 0.6755555556,
    "Porcentagem_Motor_Ocioso": 4.9243728107,
    "Tempo_Sem_Apontamento_h": 0.0475,
    "Porcentagem_Sem_Apontamento": 0.3462449632,
    "Eficiencia_Energetica": 0.8344477133,
    "Eficiencia_Operacional": 0.2526980784,
    "Tempo_Total_Manobras_h": 0.1766666667,
    "Quantidade_Manobras": 10,
    "Tempo_Medio_Manobras_min": 1.06,
    "Tempo_Total_Transbordo_h": 0.1263888889,
    "Quantidade_Transbordos": 5,
    "Tempo_Medio_Transbordo_min": 1.5166666667,
    "Frotas_no_dia": "508",
    "Vel_Desl_Vazio_media": 10.2996274962,
    "Vel_Desl_Carregado_media": 9.0403770681
  },
  "10728 - RENATA SILVA ARAUJO": {
    "Horas_Registradas": 13.1958333333,
    "Horas_Produtivas": 5.5736111111,
    "Horas_Improdutivas": 5.3477777778,
    "Horas_Auxiliar": 0.1461111111,
    "Horas_Climático": 2.1283333333,
    "Horas_Manutencao": 0.0,
    "Horas_Motor_Ligado": 6.2427777778,
    "Porcentagem_Motor_Ligado": 47.3087043469,
    "Horas_Motor_Ocioso": 1.6675,
    "Porcentagem_Motor_Ocioso": 12.6365645722,
    "Tempo_Sem_Apontamento_h": 0.1261111111,
    "Porcentagem_Sem_Apontamento": 0.9556888749,
    "Eficiencia_Energetica": 0.8928094687,
    "Eficiencia_Operacional": 0.4223765919,
    "Tempo_Total_Manobras_h": 0.5158333333,
    "Quantidade_Manobras": 28,
    "Tempo_Medio_Manobras_min": 1.1053571429,
    "Tempo_Total_Transbordo_h": 0.6936111111,
    "Quantidade_Transbordos": 8,
    "Tempo_Medio_Transbordo_min": 5.2020833333,
    "Frotas_no_dia": "422",
    "Vel_Desl_Vazio_media": 6.4606837242,
    "Vel_Desl_Carregado_media": 6.3337585421
  },
  "10771 - SAMARA BORGES MENEZES": {
    "Horas_Registradas": 11.6608333333,
    "Horas_Produtivas": 5.8194444444,
    "Horas_Improdutivas": 5.5525,
    "Horas_Auxiliar": 0.2888888889,
    "Horas_Climático": 0.0,
    "Horas_Manutencao": 0.0,
    "Horas_Motor_Ligado": 8.4586111111,
    "Porcentagem_Motor_Ligado": 72.5386502775,
    "Horas_Motor_Ocioso": 3.3286111111,
    "Porcentagem_Motor_Ocioso": 28.5452249934,
    "Tempo_Sem_Apontamento_h": 0.0402777778,
    "Porcentagem_Sem_Apontamento": 0.3454108006,
    "Eficiencia_Energetica": 0.6879905422,
    "Eficiencia_Operacional": 0.4990590533,
    "Tempo_Total_Manobras_h": 0.6758333333,
    "Quantidade_Manobras": 33,
    "Tempo_Medio_Manobras_min": 1.2287878788,
    "Tempo_Total_Transbordo_h": 0.6838888889,
    "Quantidade_Transbordos": 9,
    "Tempo_Medio_Transbordo_min": 4.5592592593,
    "Frotas_no_dia": "507",
    "Vel_Desl_Vazio_media": 5.6946802552,
    "Vel_Desl_Carregado_media": 6.5278795077
  },
  "10814 - VITOR HUGO CRUZ SILVA": {
    "Horas_Registradas": 11.1302777778,
    "Horas_Produtivas": 3.6772222222,
    "Horas_Improdutivas": 3.0805555556,
    "Horas_Auxiliar": 0.7869444444,
    "Horas_Climático": 3.5855555556,
    "Horas_Manutencao": 0.0,
    "Horas_Motor_Ligado": 3.5680555556,
    "Porcentagem_Motor_Ligado": 32.0572013277,
    "Horas_Motor_Ocioso": 1.5225,
    "Porcentagem_Motor_Ocioso": 13.6789038908,
    "Tempo_Sem_Apontamento_h": 0.0,
    "Porcentagem_Sem_Apontamento": 0.0,
    "Eficiencia_Energetica": 1.0305955625,
    "Eficiencia_Operacional": 0.3303800943,
    "Tempo_Total_Manobras_h": 0.3922222222,
    "Quantidade_Manobras": 22,
    "Tempo_Medio_Manobras_min": 1.0696969697,
    "Tempo_Total_Transbordo_h": 0.3611111111,
    "Quantidade_Transbordos": 4,
    "Tempo_Medio_Transbordo_min": 5.4166666667,
    "Frotas_no_dia": "371, 422",
    "Vel_Desl_Vazio_media": 6.1288754616,
    "Vel_Desl_Carregado_media": 7.191101083
  },
  "10819 - LUCIENE NASCIMENTO OLIVEIRA": {
    "Horas_Registradas": 11.5794444444,
    "Horas_Produtivas": 7.6741666667,
    "Horas_Improdutivas": 3.8736111111,
    "Horas_Auxiliar": 0.0316666667,
    "Horas_Climático": 0.0,
    "Horas_Manutencao": 0.0,
    "Horas_Motor_Ligado": 7.2180555556,
    "Porcentagem_Motor_Ligado": 62.3350765245,
    "Horas_Motor_Ocioso": 2.0247222222,
    "Porcentagem_Motor_Ocioso": 17.4854867342,
    "Tempo_Sem_Apontamento_h": 0.0080555556,
    "Porcentagem_Sem_Apontamento": 0.0695677206,
    "Eficiencia_Energetica": 1.0631903021,
    "Eficiencia_Operacional": 0.6627404884,
    "Tempo_Total_Manobras_h": 0.7058333333,
    "Quantidade_Manobras": 30,
    "Tempo_Medio_Manobras_min": 1.4116666667,
    "Tempo_Total_Transbordo_h": 0.5086111111,
    "Quantidade_Transbordos": 13,
    "Tempo_Medio_Transbordo_min": 2.3474358974,
    "Frotas_no_dia": "317",
    "Vel_Desl_Vazio_media": 10.5567561684,
    "Vel_Desl_Carregado_media": 9.1356053812
  },
  "10831 - DEBORA SOUZA RAMOS": {
    "Horas_Registradas": 23.9997222222,
    "Horas_Produtivas": 0.0,
    "Horas_Improdutivas": 23.9997222222,
    "Horas_Auxiliar": 0.0,
    "Horas_Climático": 0.0,
    "Horas_Manutencao": 0.0,