{
  "9999 - Não cadastrado": {
    "Horas_Registradas": 87.6588888889,
    "Horas_Produtivas": 37.8211111111,
    "Horas_Improdutivas": 44.3511111111,
    "Horas_Auxiliar": 3.4838888889,
    "Horas_Climático": 1.825,
    "Horas_Manutencao": 0.1777777778,
    "Horas_Motor_Ligado": 41.3680555556,
    "Porcentagem_Motor_Ligado": 47.1920829478,
    "Horas_Motor_Ocioso": 8.8580555556,
    "Porcentagem_Motor_Ocioso": 10.1051424081,
    "Tempo_Sem_Apontamento_h": 43.0886111111,
    "Porcentagem_Sem_Apontamento": 49.1548679858,
    "Eficiencia_Energetica": 0.9142588551,
    "Eficiencia_Operacional": 0.4314577973,
    "Tempo_Total_Manobras_h": 2.2063888889,
    "Quantidade_Manobras": 78,
    "Tempo_Medio_Manobras_min": 1.6972222222,
    "Tempo_Total_Transbordo_h": 2.7722222222,
    "Quantidade_Transbordos": 53,
    "Tempo_Medio_Transbordo_min": 3.1383647799,
    "Frotas_no_dia": "112, 153, 163, 202, 317, 371, 372, 421, 507",
    "Vel_Desl_Vazio_media": 7.4539685374,
    "Vel_Desl_Carregado_media": 7.2523570082
  },
  "10568 - DIEISON ALVES CARDOSO": {
    "Horas_Registradas": 14.925,
    "Horas_Produtivas": 1.0888888889,
    "Horas_Improdutivas": 2.3622222222,
    "Horas_Auxiliar": 0.1208333333,
    "Horas_Climático": 0.0,
    "Horas_Manutencao": 11.3530555556,
    "Horas_Motor_Ligado": 0.8613888889,
    "Porcentagem_Motor_Ligado": 5.7714498418,
    "Horas_Motor_Ocioso": 0.1516666667,
    "Porcentagem_Motor_Ocioso": 1.0161920715,
    "Tempo_Sem_Apontamento_h": 0.1516666667,
    "Porcentagem_Sem_Apontamento": 1.0161920715,
    "Eficiencia_Energetica": 1.2641083521,
    "Eficiencia_Operacional": 0.0729573795,
    "Tempo_Total_Manobras_h": 0.1511111111,
    "Quantidade_Manobras": 8,
    "Tempo_Medio_Manobras_min": 1.1333333333,
    "Tempo_Total_Transbordo_h": 0.0,
    "Quantidade_Transbordos": 0,
    "Tempo_Medio_Transbordo_min": 0.0,
    "Frotas_no_dia": "371",
    "Vel_Desl_Vazio_media": 4.3556601021,
    "Vel_Desl_Carregado_media": 5.6636538462
  },
  "10670 - MAGNA SOUZA PEREIRA": {
    "Horas_Registradas": 11.7938888889,
    "Horas_Produtivas": 3.3755555556,
    "Horas_Improdutivas": 3.1413888889,
    "Horas_Auxiliar": 0.4275,
    "Horas_Climático": 4.8494444444,
    "Horas_Manutencao": 0.0,
    "Horas_Motor_Ligado": 7.2738888889,
    "Porcentagem_Motor_Ligado": 61.6750671252,
    "Horas_Motor_Ocioso": 0.6875,
    "Porcentagem_Motor_Ocioso": 5.829290122,
    "Tempo_Sem_Apontamento_h": 0.9663888889,
    "Porcentagem_Sem_Apontamento": 8.1939799331,
    "Eficiencia_Energetica": 0.4640647674,
    "Eficiencia_Operacional": 0.2862122568,
    "Tempo_Total_Manobras_h": 0.5433333333,
    "Quantidade_Manobras": 26,
    "Tempo_Medio_Manobras_min": 1.2538461538,
    "Tempo_Total_Transbordo_h": 0.0,
    "Quantidade_Transbordos": 0,
    "Tempo_Medio_Transbordo_min": 0.0,
    "Frotas_no_dia": "421",
    "Vel_Desl_Vazio_media": null,
    "Vel_Desl_Carregado_media": 5.0210093299
  },
  "10726 - KAUAN INACIO FELISBINO DUARTE": {
    "Horas_Registradas": 12.1538888889,
    "Horas_Produtivas": 8.4116666667,
    "Horas_Improdutivas": 3.6058333333,
    "Horas_Auxiliar": 0.1363888889,
    "Horas_Climático": 0.0,
    "Horas_Manutencao": 0.0,
    "Horas_Motor_Ligado": 8.2783333333,
    "Porcentagem_Motor_Ligado": 68.1126297024,
    "Horas_Motor_Ocioso": 0.86,
    "Porcentagem_Motor_Ocioso": 7.0759244869,
    "Tempo_Sem_Apontamento_h": 0.0,
    "Porcentagem_Sem_Apontamento": 0.0,
    "Eficiencia_Energetica": 1.0161063016,
    "Eficiencia_Operacional": 0.6920967226,
    "Tempo_Total_Manobras_h": 0.6011111111,
    "Quantidade_Manobras": 30,
    "Tempo_Medio_Manobras_min": 1.2022222222,
    "Tempo_Total_Transbordo_h": 0.4338888889,
    "Quantidade_Transbordos": 13,
    "Tempo_Medio_Transbordo_min": 2.0025641026,
    "Frotas_no_dia": "508",
    "Vel_Desl_Vazio_media": 10.1804101433,
    "Vel_Desl_Carregado_media": 9.1725206233
  },
  "10728 - RENATA SILVA ARAUJO": {
    "Horas_Registradas": 7.9047222222,
    "Horas_Produtivas": 2.4222222222,
    "Horas_Improdutivas": 3.6088888889,
    "Horas_Auxiliar": 1.8472222222,
    "Horas_Climático": 0.0,
    "Horas_Manutencao": 0.0263888889,
    "Horas_Motor_Ligado": 4.4255555556,
    "Porcentagem_Motor_Ligado": 55.9862248304,
    "Horas_Motor_Ocioso": 2.9944444444,
    "Porcentagem_Motor_Ocioso": 37.8817162737,
    "Tempo_Sem_Apontamento_h": 0.0466666667,
    "Porcentagem_Sem_Apontamento": 0.5903644095,
    "Eficiencia_Energetica": 0.5473261361,
    "Eficiencia_Operacional": 0.3064272411,
    "Tempo_Total_Manobras_h": 0.7352777778,
    "Quantidade_Manobras": 29,
    "Tempo_Medio_Manobras_min": 1.5212643678,
    "Tempo_Total_Transbordo_h": 0.4630555556,
    "Quantidade_Transbordos": 5,
    "Tempo_Medio_Transbordo_min": 5.5566666667,
    "Frotas_no_dia": "422",
    "Vel_Desl_Vazio_media": 6.0530640913,
    "Vel_Desl_Carregado_media": 4.235995935
  },
  "10771 - SAMARA BORGES MENEZES": {
    "Horas_Registradas": 3.5744444444,
    "Horas_Produtivas": 2.1091666667,
    "Horas_Improdutivas": 1.0858333333,
    "Horas_Auxiliar": 0.3794444444,
    "Horas_Climático": 0.0,
    "Horas_Manutencao": 0.0,
    "Horas_Motor_Ligado": 1.6547222222,
    "Porcentagem_Motor_Ligado": 46.2931302456,
    "Horas_Motor_Ocioso": 0.8183333333,
    "Porcentagem_Motor_Ocioso": 22.8940006217,
    "Tempo_Sem_Apontamento_h": 0.2725,
    "Porcentagem_Sem_Apontamento": 7.6235623251,
    "Eficiencia_Energetica": 1.2746348833,
    "Eficiencia_Operacional": 0.5900683867,
    "Tempo_Total_Manobras_h": 0.5266666667,
    "Quantidade_Manobras": 24,
    "Tempo_Medio_Manobras_min": 1.3166666667,
    "Tempo_Total_Transbordo_h": 0.1916666667,
    "Quantidade_Transbordos": 2,
    "Tempo_Medio_Transbordo_min": 5.75,
    "Frotas_no_dia": "371",
    "Vel_Desl_Vazio_media": null,
    "Vel_Desl_Carregado_media": 5.3412041697
  },
  "10786 - ALESSANDRO FRANCISCO DE ANDRADE": {
    "Horas_Registradas": 5.3405555556,
    "Horas_Produtivas": 4.0822222222,
    "Horas_Improdutivas": 0.9155555556,
    "Horas_Auxiliar": 0.3427777778,
    "Horas_Climático": 0.0,
    "Horas_Manutencao": 0.0,
    "Horas_Motor_Ligado": 2.9816666667,
    "Porcentagem_Motor_Ligado": 55.8306460002,
    "Horas_Motor_Ocioso": 0.4625,
    "Porcentagem_Motor_Ocioso": 8.6601477166,
    "Tempo_Sem_Apontamento_h": 0.0216666667,
    "Porcentagem_Sem_Apontamento": 0.4057006138,
    "Eficiencia_Energetica": 1.3691075089,
    "Eficiencia_Operacional": 0.7643815666,
    "Tempo_Total_Manobras_h": 0.4072222222,
    "Quantidade_Manobras": 16,
    "Tempo_Medio_Manobras_min": 1.5270833333,
    "Tempo_Total_Transbordo_h": 0.9544444444,
    "Quantidade_Transbordos": 5,
    "Tempo_Medio_Transbordo_min": 11.4533333333,
    "Frotas_no_dia": "371",
    "Vel_Desl_Vazio_media": 6.0298786244,
    "Vel_Desl_Carregado_media": 7.2406477733
  },
  "10814 - VITOR HUGO CRUZ SILVA": {
    "Horas_Registradas": 16.095,
    "Horas_Produtivas": 3.6722222222,
    "Horas_Improdutivas": 0.7808333333,
    "Horas_Auxiliar": 0.1255555556,
    "Horas_Climático": 11.5163888889,
    "Horas_Manutencao": 0.0,
    "Horas_Motor_Ligado": 2.7869444444,
    "Porcentagem_Motor_Ligado": 17.3155914535,
    "Horas_Motor_Ocioso": 0.0541666667,
    "Porcentagem_Motor_Ocioso": 0.33654344,
    "Tempo_Sem_Apontamento_h": 0.0127777778,
    "Porcentagem_Sem_Apontamento": 0.0793897346,
    "Eficiencia_Energetica": 1.3176517492,
    "Eficiencia_Operacional": 0.2281591937,
    "Tempo_Total_Manobras_h": 0.3747222222,
    "Quantidade_Manobras": 16,
    "Tempo_Medio_Manobras_min": 1.4052083333,
    "Tempo_Total_Transbordo_h": 0.3955555556,
    "Quantidade_Transbordos": 7,
    "Tempo_Medio_Transbordo_min": 3.3904761905,
    "Frotas_no_dia": "422",
    "Vel_Desl_Vazio_media": 8.7954564756,
    "Vel_Desl_Carregado_media": 7.755029274
  },
  "10819 - LUCIENE NASCIMENTO OLIVEIRA": {
    "Horas_Registradas": 11.2669444444,
    "Horas_Produtivas": 9.0927777778,
    "Horas_Improdutivas": 2.1505555556,
    "Horas_Auxiliar": 0.0236111111,
    "Horas_Climático": 0.0,
    "Horas_Manutencao": 0.0,