{
  "9999 - Não cadastrado": {
    "Horas_Registradas": 72.1744444444,
    "Horas_Produtivas": 20.0041666667,
    "Horas_Improdutivas": 50.6422222222,
    "Horas_Auxiliar": 0.1752777778,
    "Horas_Climático": 0.0,
    "Horas_Manutencao": 1.3527777778,
    "Horas_Motor_Ligado": 32.1019444444,
    "Porcentagem_Motor_Ligado": 44.4782702403,
    "Horas_Motor_Ocioso": 16.4680555556,
    "Porcentagem_Motor_Ocioso": 22.8170174115,
    "Tempo_Sem_Apontamento_h": 47.6930555556,
    "Porcentagem_Sem_Apontamento": 66.0802530905,
    "Eficiencia_Energetica": 0.6231450154,
    "Eficiencia_Operacional": 0.277164124,
    "Tempo_Total_Manobras_h": 1.5177777778,
    "Quantidade_Manobras": 69,
    "Tempo_Medio_Manobras_min": 1.3198067633,
    "Tempo_Total_Transbordo_h": 0.5558333333,
    "Quantidade_Transbordos": 18,
    "Tempo_Medio_Transbordo_min": 1.8527777778,
    "Frotas_no_dia": "153, 163, 202, 371, 421",
    "Vel_Desl_Vazio_media": 14.0038042965,
    "Vel_Desl_Carregado_media": 6.603971274
  },
  "10568 - DIEISON ALVES CARDOSO": {
    "Horas_Registradas": 3.2105555556,
    "Horas_Produtivas": 2.4463888889,
    "Horas_Improdutivas": 0.5427777778,
    "Horas_Auxiliar": 0.2213888889,
    "Horas_Climático": 0.0,
    "Horas_Manutencao": 0.0,
    "Horas_Motor_Ligado": 0.6941666667,
    "Porcentagem_Motor_Ligado": 21.6213877834,
    "Horas_Motor_Ocioso": 0.1255555556,
    "Porcentagem_Motor_Ocioso": 3.9107111957,
    "Tempo_Sem_Apontamento_h": 0.0,
    "Porcentagem_Sem_Apontamento": 0.0,
    "Eficiencia_Energetica": 3.5242096839,
    "Eficiencia_Operacional": 0.761983042,
    "Tempo_Total_Manobras_h": 0.0747222222,
    "Quantidade_Manobras": 3,
    "Tempo_Medio_Manobras_min": 1.4944444444,
    "Tempo_Total_Transbordo_h": 0.4236111111,
    "Quantidade_Transbordos": 4,
    "Tempo_Medio_Transbordo_min": 6.3541666667,
    "Frotas_no_dia": "371",
    "Vel_Desl_Vazio_media": 6.6211256219,
    "Vel_Desl_Carregado_media": 5.9952491468
  },
  "10679 - HELDER RICARDO BORGES": {
    "Horas_Registradas": 5.3616666667,
    "Horas_Produtivas": 4.0663888889,
    "Horas_Improdutivas": 1.1555555556,
    "Horas_Auxiliar": 0.1397222222,
    "Horas_Climático": 0.0,
    "Horas_Manutencao": 0.0,
    "Horas_Motor_Ligado": 3.9691666667,
    "Porcentagem_Motor_Ligado": 74.0285980727,
    "Horas_Motor_Ocioso": 0.73,
    "Porcentagem_Motor_Ocioso": 13.6151694125,
    "Tempo_Sem_Apontamento_h": 0.4105555556,
    "Porcentagem_Sem_Apontamento": 7.657237592,
    "Eficiencia_Energetica": 1.0244943663,
    "Eficiencia_Operacional": 0.7584188167,
    "Tempo_Total_Manobras_h": 0.3661111111,
    "Quantidade_Manobras": 14,
    "Tempo_Medio_Manobras_min": 1.569047619,
    "Tempo_Total_Transbordo_h": 1.1533333333,
    "Quantidade_Transbordos": 6,
    "Tempo_Medio_Transbordo_min": 11.5333333333,
    "Frotas_no_dia": "371",
    "Vel_Desl_Vazio_media": 7.3981011827,
    "Vel_Desl_Carregado_media": 8.8138171668
  },
  "10726 - KAUAN INACIO FELISBINO DUARTE": {
    "Horas_Registradas": 23.9997222222,
    "Horas_Produtivas": 0.0,
    "Horas_Improdutivas": 0.0,
    "Horas_Auxiliar": 0.0,
    "Horas_Climático": 23.9997222222,
    "Horas_Manutencao": 0.0,
    "Horas_Motor_Ligado": 0.0,
    "Porcentagem_Motor_Ligado": 0.0,
    "Horas_Motor_Ocioso": 0.0,
    "Porcentagem_Motor_Ocioso": 0.0,
    "Tempo_Sem_Apontamento_h": 0.0,
    "Porcentagem_Sem_Apontamento": 0.0,
    "Eficiencia_Energetica": 0.0,
    "Eficiencia_Operacional": 0.0,
    "Tempo_Total_Manobras_h": 0.0,
    "Quantidade_Manobras": 0,
    "Tempo_Medio_Manobras_min": 0.0,
    "Tempo_Total_Transbordo_h": 0.0,
    "Quantidade_Transbordos": 0,
    "Tempo_Medio_Transbordo_min": 0.0,
    "Frotas_no_dia": "508",
    "Vel_Desl_Vazio_media": null,
    "Vel_Desl_Carregado_media": null
  },
  "10728 - RENATA SILVA ARAUJO": {
    "Horas_Registradas": 19.5052777778,
    "Horas_Produtivas": 0.0,
    "Horas_Improdutivas": 0.0,
    "Horas_Auxiliar": 0.0,
    "Horas_Climático": 19.5052777778,
    "Horas_Manutencao": 0.0,
    "Horas_Motor_Ligado": 19.5052777778,
    "Porcentagem_Motor_Ligado": 100.0,
    "Horas_Motor_Ocioso": 0.0,
    "Porcentagem_Motor_Ocioso": 0.0,
    "Tempo_Sem_Apontamento_h": 0.0,
    "Porcentagem_Sem_Apontamento": 0.0,
    "Eficiencia_Energetica": 0.0,
    "Eficiencia_Operacional": 0.0,
    "Tempo_Total_Manobras_h": 0.0,
    "Quantidade_Manobras": 0,
    "Tempo_Medio_Manobras_min": 0.0,
    "Tempo_Total_Transbordo_h": 0.0,
    "Quantidade_Transbordos": 0,
    "Tempo_Medio_Transbordo_min": 0.0,
    "Frotas_no_dia": "422",
    "Vel_Desl_Vazio_media": null,
    "Vel_Desl_Carregado_media": null
  },
  "10786 - ALESSANDRO FRANCISCO DE ANDRADE": {
    "Horas_Registradas": 15.255,
    "Horas_Produtivas": 0.0438888889,
    "Horas_Improdutivas": 0.0,
    "Horas_Auxiliar": 0.0072222222,
    "Horas_Climático": 15.2038888889,
    "Horas_Manutencao": 0.0,
    "Horas_Motor_Ligado": 9.2477777778,
    "Porcentagem_Motor_Ligado": 60.6212899232,
    "Horas_Motor_Ocioso": 0.0,
    "Porcentagem_Motor_Ocioso": 0.0,
    "Tempo_Sem_Apontamento_h": 0.0,
    "Porcentagem_Sem_Apontamento": 0.0,
    "Eficiencia_Energetica": 0.0047458849,
    "Eficiencia_Operacional": 0.0028770166,
    "Tempo_Total_Manobras_h": 0.0,
    "Quantidade_Manobras": 0,
    "Tempo_Medio_Manobras_min": 0.0,
    "Tempo_Total_Transbordo_h": 0.0,
    "Quantidade_Transbordos": 0,
    "Tempo_Medio_Transbordo_min": 0.0,
    "Frotas_no_dia": "371",
    "Vel_Desl_Vazio_media": 8.13,
    "Vel_Desl_Carregado_media": null
  },
  "10814 - VITOR HUGO CRUZ SILVA": {
    "Horas_Registradas": 9.9052777778,
    "Horas_Produtivas": 4.9947222222,
    "Horas_Improdutivas": 2.1688888889,
    "Horas_Auxiliar": 0.1508333333,
    "Horas_Climático": 0.0169444444,
    "Horas_Manutencao": 2.5738888889,
    "Horas_Motor_Ligado": 7.4163888889,
    "Porcentagem_Motor_Ligado": 74.8731035643,
    "Horas_Motor_Ocioso": 0.9577777778,
    "Porcentagem_Motor_Ocioso": 9.6693681819,
    "Tempo_Sem_Apontamento_h": 0.4302777778,
    "Porcentagem_Sem_Apontamento": 4.343924395,
    "Eficiencia_Energetica": 0.6734709165,
    "Eficiencia_Operacional": 0.5042485768,
    "Tempo_Total_Manobras_h": 0.1094444444,
    "Quantidade_Manobras": 5,
    "Tempo_Medio_Manobras_min": 1.3133333333,
    "Tempo_Total_Transbordo_h": 0.075,
    "Quantidade_Transbordos": 1,
    "Tempo_Medio_Transbordo_min": 4.5,
    "Frotas_no_dia": "421, 422",
    "Vel_Desl_Vazio_media": 10.2566155027,
    "Vel_Desl_Carregado_media": 7.2955762727
  },
  "10831 - DEBORA SOUZA RAMOS": {
    "Horas_Registradas": 23.9997222222,
    "Horas_Produtivas": 0.0,
    "Horas_Improdutivas": 23.9997222222,
    "Horas_Auxiliar": 0.0,
    "Horas_Climático": 0.0,
    "Horas_Manutencao": 0.0,
    "Horas_Motor_Ligado": 0.0,
    "Porcentagem_Motor_Ligado": 0.0,
    "Horas_Motor_Ocioso": 0.0,
    "Porcentagem_Motor_Ocioso": 0.0,
    "Tempo_Sem_Apontamento_h": 23.9997222222,
    "Porcentagem_Sem_Apontamento": 100.0,
    "Eficiencia_Energetica": 0.0,
    "Eficiencia_Operacional": 0.0,
    "Tempo_Total_Manobras_h": 0.0,
    "Quantidade_Manobras": 0,
    "Tempo_Medio_Manobras_min": 0.0,
    "Tempo_Total_Transbordo_h": 0.0,
    "Quantidade_Transbordos": 0,
    "Tempo_Medio_Transbordo_min": 0.0,
    "Frotas_no_dia": "506",
    "Vel_Desl_Vazio_media": null,
    "Vel_Desl_Carregado_media": null
  },
  "10840 - JEAN GONÇALVES MORAIS": {
    "Horas_Registradas": 23.9997222222,
    "Horas_Produtivas": 0.0,
    "Horas_Improdutivas": 0.0,
    "Horas_Auxiliar": 0.0,
    "Horas_Climático": 23.9997222222,
    "Horas_Manutencao": 0.0,
    "Horas_Motor_Ligado": 0.0,
    "Porcentagem_Motor_Ligado": 0.0,
    "Horas_Motor_Ocioso": 0.0,
    "Porcentagem_Motor_Ocioso": 0.0,
    "Tempo_Sem_Apontamento_h": 0.0,
    "Porcentagem_Sem_Apontamento": 0.0,
    "Eficiencia_Energetica": 0.0,
    "Eficiencia_Operacional": 0.0,
    "Tempo_Total_Manobras_h": 0.0,
    "Quantidade_Manobras": 0,
    "Tempo_Medio_Manobras_min": 0.0,
    "Tempo_Total_Transbordo_h": 0.0,
    "Quantidade_Transbordos": 0,
    "Tempo_Medio_Transbordo_min": 0.0,