{
  "102 - NILTON FRANCISCO DA SILVA": {
    "Horas_Registradas": 71.9991666667,
    "Horas_Produtivas": 10.7036111111,
    "Horas_Improdutivas": 44.3283333333,
    "Horas_Auxiliar": 2.1102777778,
    "Horas_Climático": 14.8569444444,
    "Horas_Manutencao": 0.0,
    "Horas_Motor_Ligado": 66.1236111111,
    "Porcentagem_Motor_Ligado": 91.8394117216,
    "Horas_Motor_Ocioso": 41.2863888889,
    "Porcentagem_Motor_Ocioso": 57.3428704808,
    "Tempo_Sem_Apontamento_h": 39.7966666667,
    "Porcentagem_Sem_Apontamento": 55.2737878911,
    "Eficiencia_Energetica": 0.1618727552,
    "Eficiencia_Operacional": 0.1486629861,
    "Tempo_Total_Manobras_h": 3.9844444444,
    "Quantidade_Manobras": 161,
    "Tempo_Medio_Manobras_min": 1.4848861284,
    "Frotas_no_dia": "279, 369, 560",
    "Vel_Colheita_media": 5.1159233536
  },
  "9999 - Não cadastrado": {
    "Horas_Registradas": 39.0902777778,
    "Horas_Produtivas": 0.0994444444,
    "Horas_Improdutivas": 8.6244444444,
    "Horas_Auxiliar": 18.8733333333,
    "Horas_Climático": 11.4930555556,
    "Horas_Manutencao": 0.0,
    "Horas_Motor_Ligado": 39.0572222222,
    "Porcentagem_Motor_Ligado": 99.9154379108,
    "Horas_Motor_Ocioso": 8.6244444444,
    "Porcentagem_Motor_Ocioso": 22.0628886125,
    "Tempo_Sem_Apontamento_h": 8.6244444444,
    "Porcentagem_Sem_Apontamento": 22.0628886125,
    "Eficiencia_Energetica": 0.0025461218,
    "Eficiencia_Operacional": 0.0025439687,
    "Tempo_Total_Manobras_h": 0.0,
    "Quantidade_Manobras": 0,
    "Tempo_Medio_Manobras_min": 0.0,
    "Frotas_no_dia": "235, 298, 517",
    "Vel_Colheita_media": 4.85
  },
  "10562 - JULIO CESAR FREITAS JUNIOR": {
    "Horas_Registradas": 1.2002777778,
    "Horas_Produtivas": 0.4833333333,
    "Horas_Improdutivas": 0.6825,
    "Horas_Auxiliar": 0.0344444444,
    "Horas_Climático": 0.0,
    "Horas_Manutencao": 0.0,
    "Horas_Motor_Ligado": 0.5222222222,
    "Porcentagem_Motor_Ligado": 43.5084471187,
    "Horas_Motor_Ocioso": 0.145,
    "Porcentagem_Motor_Ocioso": 12.0805369128,
    "Tempo_Sem_Apontamento_h": 0.0,
    "Porcentagem_Sem_Apontamento": 0.0,
    "Eficiencia_Energetica": 0.9255319149,
    "Eficiencia_Operacional": 0.4026845638,
    "Tempo_Total_Manobras_h": 0.0986111111,
    "Quantidade_Manobras": 8,
    "Tempo_Medio_Manobras_min": 0.7395833333,
    "Frotas_no_dia": "235",
    "Vel_Colheita_media": 4.7225920578
  },
  "10594 - MARCO VINICIO OLIVEIRA ROSA": {
    "Horas_Registradas": 7.7108333333,
    "Horas_Produtivas": 0.0,
    "Horas_Improdutivas": 0.0002777778,
    "Horas_Auxiliar": 0.0,
    "Horas_Climático": 7.7105555556,
    "Horas_Manutencao": 0.0,
    "Horas_Motor_Ligado": 0.0,
    "Porcentagem_Motor_Ligado": 0.0,
    "Horas_Motor_Ocioso": 0.0,
    "Porcentagem_Motor_Ocioso": 0.0,
    "Tempo_Sem_Apontamento_h": 0.0002777778,
    "Porcentagem_Sem_Apontamento": 0.0036024352,
    "Eficiencia_Energetica": 0.0,
    "Eficiencia_Operacional": 0.0,
    "Tempo_Total_Manobras_h": 0.0,
    "Quantidade_Manobras": 0,
    "Tempo_Medio_Manobras_min": 0.0,
    "Frotas_no_dia": "517",
    "Vel_Colheita_media": null
  },
  "10605 - ANTONIO MACEDO BORGES": {
    "Horas_Registradas": 23.9997222222,
    "Horas_Produtivas": 2.4277777778,
    "Horas_Improdutivas": 0.6616666667,
    "Horas_Auxiliar": 0.13,
    "Horas_Climático": 7.4005555556,
    "Horas_Manutencao": 13.3797222222,
    "Horas_Motor_Ligado": 20.6788888889,
    "Porcentagem_Motor_Ligado": 86.1630342944,
    "Horas_Motor_Ocioso": 0.3397222222,
    "Porcentagem_Motor_Ocioso": 1.4155256427,
    "Tempo_Sem_Apontamento_h": 0.0,
    "Porcentagem_Sem_Apontamento": 0.0,
    "Eficiencia_Energetica": 0.117403686,
    "Eficiencia_Operacional": 0.1011585782,
    "Tempo_Total_Manobras_h": 0.2094444444,
    "Quantidade_Manobras": 12,
    "Tempo_Medio_Manobras_min": 1.0472222222,
    "Frotas_no_dia": "375",
    "Vel_Colheita_media": 5.2948722765
  },
  "10675 - MAICON DOUGLAS JUSTINO DA SILVA": {
    "Horas_Registradas": 29.2158333333,
    "Horas_Produtivas": 0.1130555556,
    "Horas_Improdutivas": 0.5569444444,
    "Horas_Auxiliar": 0.4152777778,
    "Horas_Climático": 27.1430555556,
    "Horas_Manutencao": 0.9875,
    "Horas_Motor_Ligado": 29.1111111111,
    "Porcentagem_Motor_Ligado": 99.6415566141,
    "Horas_Motor_Ocioso": 0.5569444444,
    "Porcentagem_Motor_Ocioso": 1.906310315,
    "Tempo_Sem_Apontamento_h": 0.0536111111,
    "Porcentagem_Sem_Apontamento": 0.1835001949,
    "Eficiencia_Energetica": 0.0038835878,
    "Eficiencia_Operacional": 0.0038696673,
    "Tempo_Total_Manobras_h": 0.0319444444,
    "Quantidade_Manobras": 1,
    "Tempo_Medio_Manobras_min": 1.9166666667,
    "Frotas_no_dia": "298, 547",
    "Vel_Colheita_media": 3.2380136986
  },
  "10679 - HELDER RICARDO BORGES": {
    "Horas_Registradas": 18.7816666667,
    "Horas_Produtivas": 1.1519444444,
    "Horas_Improdutivas": 0.1583333333,
    "Horas_Auxiliar": 0.0933333333,
    "Horas_Climático": 17.3780555556,
    "Horas_Manutencao": 0.0,
    "Horas_Motor_Ligado": 9.8502777778,
    "Porcentagem_Motor_Ligado": 52.4462389446,
    "Horas_Motor_Ocioso": 0.1583333333,
    "Porcentagem_Motor_Ocioso": 0.8430206762,
    "Tempo_Sem_Apontamento_h": 0.0,
    "Porcentagem_Sem_Apontamento": 0.0,
    "Eficiencia_Energetica": 0.1169453766,
    "Eficiencia_Operacional": 0.0613334517,
    "Tempo_Total_Manobras_h": 0.1744444444,
    "Quantidade_Manobras": 7,
    "Tempo_Medio_Manobras_min": 1.4952380952,
    "Frotas_no_dia": "298",
    "Vel_Colheita_media": 4.1346547315
  },
  "10710 - JOCIVAL OLIVEIRA SOUSA": {
    "Horas_Registradas": 23.9997222222,
    "Horas_Produtivas": 2.0102777778,
    "Horas_Improdutivas": 9.3716666667,
    "Horas_Auxiliar": 0.0613888889,
    "Horas_Climático": 12.5563888889,
    "Horas_Manutencao": 0.0,
    "Horas_Motor_Ligado": 14.6522222222,
    "Porcentagem_Motor_Ligado": 61.051632542,
    "Horas_Motor_Ocioso": 2.0630555556,
    "Porcentagem_Motor_Ocioso": 8.5961643075,
    "Tempo_Sem_Apontamento_h": 7.3275,
    "Porcentagem_Sem_Apontamento": 30.531603375,
    "Eficiencia_Energetica": 0.1371995147,
    "Eficiencia_Operacional": 0.0837625435,
    "Tempo_Total_Manobras_h": 0.1055555556,
    "Quantidade_Manobras": 9,
    "Tempo_Medio_Manobras_min": 0.7037037037,
    "Frotas_no_dia": "354",
    "Vel_Colheita_media": 5.0511871081
  },
  "10770 - CHARLES FERREIRA BARBOSA": {
    "Horas_Registradas": 23.9997222222,
    "Horas_Produtivas": 0.0,
    "Horas_Improdutivas": 23.9997222222,
    "Horas_Auxiliar": 0.0,
    "Horas_Climático": 0.0,
    "Horas_Manutencao": 0.0,
    "Horas_Motor_Ligado": 0.0,
    "Porcentagem_Motor_Ligado": 0.0,
    "Horas_Motor_Ocioso": 0.0,
    "Porcentagem_Motor_Ocioso": 0.0,
    "Tempo_Sem_Apontamento_h": 23.9997222222,
    "Porcentagem_Sem_Apontamento": 100.0,
    "Eficiencia_Energetica": 0.0,
    "Eficiencia_Operacional": 0.0,
    "Tempo_Total_Manobras_h": 0.0,
    "Quantidade_Manobras": 0,
    "Tempo_Medio_Manobras_min": 0.0,
    "Frotas_no_dia": "469",
    "Vel_Colheita_media": null
  }
}