{
  "102 - NILTON FRANCISCO DA SILVA": {
    "Horas_Registradas": 59.2569444444,
    "Horas_Produtivas": 27.9533333333,
    "Horas_Improdutivas": 28.0213888889,
    "Horas_Auxiliar": 2.7038888889,
    "Horas_Climático": 0.0,
    "Horas_Manutencao": 0.5783333333,
    "Horas_Motor_Ligado": 51.0652777778,
    "Porcentagem_Motor_Ligado": 86.1760225009,
    "Horas_Motor_Ocioso": 26.5366666667,
    "Porcentagem_Motor_Ocioso": 44.7823743115,
    "Tempo_Sem_Apontamento_h": 21.2452777778,
    "Porcentagem_Sem_Apontamento": 35.8528067503,
    "Eficiencia_Energetica": 0.547403922,
    "Eficiencia_Operacional": 0.471730927,
    "Tempo_Total_Manobras_h": 8.0894444444,
    "Quantidade_Manobras": 418,
    "Tempo_Medio_Manobras_min": 1.1611642743,
    "Frotas_no_dia": "279, 369, 547",
    "Vel_Colheita_media": 5.3710545378
  },
  "9999 - Não cadastrado": {
    "Horas_Registradas": 57.4358333333,
    "Horas_Produtivas": 12.9244444444,
    "Horas_Improdutivas": 24.425,
    "Horas_Auxiliar": 4.4275,
    "Horas_Climático": 0.0,
    "Horas_Manutencao": 15.6588888889,
    "Horas_Motor_Ligado": 35.2066666667,
    "Porcentagem_Motor_Ligado": 61.2973898408,
    "Horas_Motor_Ocioso": 5.4455555556,
    "Porcentagem_Motor_Ocioso": 9.4811117721,
    "Tempo_Sem_Apontamento_h": 8.4363888889,
    "Porcentagem_Sem_Apontamento": 14.688372048,
    "Eficiencia_Energetica": 0.3671021902,
    "Eficiencia_Operacional": 0.2250240607,
    "Tempo_Total_Manobras_h": 1.2716666667,
    "Quantidade_Manobras": 58,
    "Tempo_Medio_Manobras_min": 1.3155172414,
    "Frotas_no_dia": "235, 298, 517, 560",
    "Vel_Colheita_media": 6.5053191895
  },
  "10143 - GILSINEY FERREIRA SILVA": {
    "Horas_Registradas": 12.7422222222,
    "Horas_Produtivas": 4.3983333333,
    "Horas_Improdutivas": 2.3630555556,
    "Horas_Auxiliar": 0.4822222222,
    "Horas_Climático": 0.0,
    "Horas_Manutencao": 5.4986111111,
    "Horas_Motor_Ligado": 8.4772222222,
    "Porcentagem_Motor_Ligado": 66.5286013254,
    "Horas_Motor_Ocioso": 1.5097222222,
    "Porcentagem_Motor_Ocioso": 11.8481862574,
    "Tempo_Sem_Apontamento_h": 0.0652777778,
    "Porcentagem_Sem_Apontamento": 0.512295082,
    "Eficiencia_Energetica": 0.5188413395,
    "Eficiencia_Operacional": 0.3451778863,
    "Tempo_Total_Manobras_h": 1.2952777778,
    "Quantidade_Manobras": 66,
    "Tempo_Medio_Manobras_min": 1.1775252525,
    "Frotas_no_dia": "547",
    "Vel_Colheita_media": 4.4057899919
  },
  "10232 - CLEOMEDES FERREIRA DE MATOS": {
    "Horas_Registradas": 23.9997222222,
    "Horas_Produtivas": 2.3827777778,
    "Horas_Improdutivas": 21.3038888889,
    "Horas_Auxiliar": 0.3130555556,
    "Horas_Climático": 0.0,
    "Horas_Manutencao": 0.0,
    "Horas_Motor_Ligado": 17.1708333333,
    "Porcentagem_Motor_Ligado": 71.5459669672,
    "Horas_Motor_Ocioso": 15.2572222222,
    "Porcentagem_Motor_Ocioso": 63.572495052,
    "Tempo_Sem_Apontamento_h": 21.3038888889,
    "Porcentagem_Sem_Apontamento": 88.7672311022,
    "Eficiencia_Energetica": 0.1387689072,
    "Eficiencia_Operacional": 0.0992835565,
    "Tempo_Total_Manobras_h": 0.735,
    "Quantidade_Manobras": 44,
    "Tempo_Medio_Manobras_min": 1.0022727273,
    "Frotas_no_dia": "354",
    "Vel_Colheita_media": 3.9876500337
  },
  "10562 - JULIO CESAR FREITAS JUNIOR": {
    "Horas_Registradas": 8.3122222222,
    "Horas_Produtivas": 3.8275,
    "Horas_Improdutivas": 3.5980555556,
    "Horas_Auxiliar": 0.4516666667,
    "Horas_Climático": 0.0,
    "Horas_Manutencao": 0.435,
    "Horas_Motor_Ligado": 6.3494444444,
    "Porcentagem_Motor_Ligado": 76.3868466783,
    "Horas_Motor_Ocioso": 3.0955555556,
    "Porcentagem_Motor_Ocioso": 37.2410105601,
    "Tempo_Sem_Apontamento_h": 0.0038888889,
    "Porcentagem_Sem_Apontamento": 0.0467851891,
    "Eficiencia_Energetica": 0.6028086447,
    "Eficiencia_Operacional": 0.4604665152,
    "Tempo_Total_Manobras_h": 1.1519444444,
    "Quantidade_Manobras": 57,
    "Tempo_Medio_Manobras_min": 1.2125730994,
    "Frotas_no_dia": "235, 517",
    "Vel_Colheita_media": 4.775141196
  },
  "10594 - MARCO VINICIO OLIVEIRA ROSA": {
    "Horas_Registradas": 5.4452777778,
    "Horas_Produtivas": 0.4383333333,
    "Horas_Improdutivas": 2.2938888889,
    "Horas_Auxiliar": 0.1491666667,
    "Horas_Climático": 0.0,
    "Horas_Manutencao": 2.5638888889,
    "Horas_Motor_Ligado": 2.7811111111,
    "Porcentagem_Motor_Ligado": 51.0738152324,
    "Horas_Motor_Ocioso": 2.2938888889,
    "Porcentagem_Motor_Ocioso": 42.1262051727,
    "Tempo_Sem_Apontamento_h": 0.0605555556,
    "Porcentagem_Sem_Apontamento": 1.1120746824,
    "Eficiencia_Energetica": 0.157610867,
    "Eficiencia_Operacional": 0.080497883,
    "Tempo_Total_Manobras_h": 0.1047222222,
    "Quantidade_Manobras": 6,
    "Tempo_Medio_Manobras_min": 1.0472222222,
    "Frotas_no_dia": "517",
    "Vel_Colheita_media": 2.8415237302
  },
  "10605 - ANTONIO MACEDO BORGES": {
    "Horas_Registradas": 12.3011111111,
    "Horas_Produtivas": 6.6433333333,
    "Horas_Improdutivas": 4.2986111111,
    "Horas_Auxiliar": 1.3591666667,
    "Horas_Climático": 0.0,
    "Horas_Manutencao": 0.0,
    "Horas_Motor_Ligado": 8.5108333333,
    "Porcentagem_Motor_Ligado": 69.1875169361,
    "Horas_Motor_Ocioso": 3.1605555556,
    "Porcentagem_Motor_Ocioso": 25.693252642,
    "Tempo_Sem_Apontamento_h": 0.0027777778,
    "Porcentagem_Sem_Apontamento": 0.0225815193,
    "Eficiencia_Energetica": 0.7805737785,
    "Eficiencia_Operacional": 0.5400596152,
    "Tempo_Total_Manobras_h": 2.5408333333,
    "Quantidade_Manobras": 133,
    "Tempo_Medio_Manobras_min": 1.1462406015,
    "Frotas_no_dia": "375",
    "Vel_Colheita_media": 3.9082422642
  },
  "10675 - MAICON DOUGLAS JUSTINO DA SILVA": {
    "Horas_Registradas": 7.5280555556,
    "Horas_Produtivas": 3.6072222222,
    "Horas_Improdutivas": 2.8722222222,
    "Horas_Auxiliar": 1.0486111111,
    "Horas_Climático": 0.0,
    "Horas_Manutencao": 0.0,
    "Horas_Motor_Ligado": 5.3066666667,
    "Porcentagem_Motor_Ligado": 70.4918637689,
    "Horas_Motor_Ocioso": 1.3522222222,
    "Porcentagem_Motor_Ocioso": 17.9624368104,
    "Tempo_Sem_Apontamento_h": 1.2925,
    "Porcentagem_Sem_Apontamento": 17.169108151,
    "Eficiencia_Energetica": 0.6797529313,
    "Eficiencia_Operacional": 0.4791705103,
    "Tempo_Total_Manobras_h": 0.6347222222,
    "Quantidade_Manobras": 33,
    "Tempo_Medio_Manobras_min": 1.154040404,
    "Frotas_no_dia": "298, 517",
    "Vel_Colheita_media": 4.944671526
  },
  "10679 - HELDER RICARDO BORGES": {
    "Horas_Registradas": 5.4122222222,
    "Horas_Produtivas": 2.8702777778,
    "Horas_Improdutivas": 2.3372222222,
    "Horas_Auxiliar": 0.2047222222,
    "Horas_Climático": 0.0,
    "Horas_Manutencao": 0.0,
    "Horas_Motor_Ligado": 4.6780555556,
    "Porcentagem_Motor_Ligado": 86.4350236091,
    "Horas_Motor_Ocioso": 2.1161111111,
    "Porcentagem_Motor_Ocioso": 39.0987476904,
    "Tempo_Sem_Apontamento_h": 0.0111111111,
    "Porcentagem_Sem_Apontamento": 0.2052966537,
    "Eficiencia_Energetica": 0.61356214,
    "Eficiencia_Operacional": 0.5303325806,
    "Tempo_Total_Manobras_h": 1.0277777778,
    "Quantidade_Manobras": 37,
    "Tempo_Medio_Manobras_min": 1.6666666667,
    "Frotas_no_dia": "298",
    "Vel_Colheita_media": 4.666232474
  },
  "10710 - JOCIVAL OLIVEIRA SOUSA": {
    "Horas_Registradas": 11.6986111111,
    "Horas_Produtivas": 9.1475,
    "Horas_Improdutivas": 0.9647222222,
    "Horas_Auxiliar": 1.1758333333,
    "Horas_Climático": 0.0,
    "Horas_Manutencao": 0.4105555556,
    "Horas_Motor_Ligado": 7.9886111111,
    "Porcentagem_Motor_Ligado": 68.2868336697,
    "Horas_Motor_Ocioso": 0.8497222222,
    "Porcentagem_Motor_Ocioso": 7.2634453283,
    "Tempo_Sem_Apontamento_h": 0.0122222222,
    "Porcentagem_Sem_Apontamento": 0.10447584,
    "Eficiencia_Energetica": 1.145067631,
    "Eficiencia_Operacional": 0.7819304286,
    "Tempo_Total_Manobras_h": 3.6313888889,
    "Quantidade_Manobras": 151,
    "Tempo_Medio_Manobras_min": 1.4429359823,
    "Frotas_no_dia": "375",