{
  "102 - NILTON FRANCISCO DA SILVA": {
    "Horas_Registradas": 65.3152777778,
    "Horas_Produtivas": 20.5522222222,
    "Horas_Improdutivas": 39.7383333333,
    "Horas_Auxiliar": 0.8913888889,
    "Horas_Climático": 3.7094444444,
    "Horas_Manutencao": 0.4238888889,
    "Horas_Motor_Ligado": 51.7033333333,
    "Porcentagem_Motor_Ligado": 79.1596317009,
    "Horas_Motor_Ocioso": 29.8208333333,
    "Porcentagem_Motor_Ocioso": 45.6567503774,
    "Tempo_Sem_Apontamento_h": 35.9669444444,
    "Porcentagem_Sem_Apontamento": 55.0666638314,
    "Eficiencia_Energetica": 0.3975028474,
    "Eficiencia_Operacional": 0.31466179,
    "Tempo_Total_Manobras_h": 5.5386111111,
    "Quantidade_Manobras": 235,
    "Tempo_Medio_Manobras_min": 1.4141134752,
    "Frotas_no_dia": "279, 369, 547, 560",
    "Vel_Colheita_media": 4.6971327869
  },
  "9999 - Não cadastrado": {
    "Horas_Registradas": 31.7669444444,
    "Horas_Produtivas": 20.06,
    "Horas_Improdutivas": 9.3011111111,
    "Horas_Auxiliar": 2.4058333333,
    "Horas_Climático": 0.0,
    "Horas_Manutencao": 0.0,
    "Horas_Motor_Ligado": 27.6288888889,
    "Porcentagem_Motor_Ligado": 86.9737060711,
    "Horas_Motor_Ocioso": 8.7925,
    "Porcentagem_Motor_Ocioso": 27.6781420239,
    "Tempo_Sem_Apontamento_h": 4.2202777778,
    "Porcentagem_Sem_Apontamento": 13.2851234249,
    "Eficiencia_Energetica": 0.7260516368,
    "Eficiencia_Operacional": 0.6314740165,
    "Tempo_Total_Manobras_h": 2.5166666667,
    "Quantidade_Manobras": 136,
    "Tempo_Medio_Manobras_min": 1.1102941176,
    "Frotas_no_dia": "235, 298, 354, 517, 547, 560",
    "Vel_Colheita_media": 4.8595169105
  },
  "10232 - CLEOMEDES FERREIRA DE MATOS": {
    "Horas_Registradas": 11.6972222222,
    "Horas_Produtivas": 7.7511111111,
    "Horas_Improdutivas": 3.0030555556,
    "Horas_Auxiliar": 0.3352777778,
    "Horas_Climático": 0.0,
    "Horas_Manutencao": 0.6077777778,
    "Horas_Motor_Ligado": 10.2547222222,
    "Porcentagem_Motor_Ligado": 87.6680123486,
    "Horas_Motor_Ocioso": 1.8797222222,
    "Porcentagem_Motor_Ocioso": 16.0698171456,
    "Tempo_Sem_Apontamento_h": 0.3216666667,
    "Porcentagem_Sem_Apontamento": 2.7499406317,
    "Eficiencia_Energetica": 0.7558577349,
    "Eficiencia_Operacional": 0.6626454524,
    "Tempo_Total_Manobras_h": 0.5758333333,
    "Quantidade_Manobras": 29,
    "Tempo_Medio_Manobras_min": 1.1913793103,
    "Frotas_no_dia": "375",
    "Vel_Colheita_media": 5.5155592118
  },
  "10412 - TIAGO ALMEIDA NUNES": {
    "Horas_Registradas": 7.7166666667,
    "Horas_Produtivas": 0.0,
    "Horas_Improdutivas": 0.0,
    "Horas_Auxiliar": 0.0283333333,
    "Horas_Climático": 0.0111111111,
    "Horas_Manutencao": 7.6772222222,
    "Horas_Motor_Ligado": 0.0111111111,
    "Porcentagem_Motor_Ligado": 0.1439884809,
    "Horas_Motor_Ocioso": 0.0,
    "Porcentagem_Motor_Ocioso": 0.0,
    "Tempo_Sem_Apontamento_h": 0.0,
    "Porcentagem_Sem_Apontamento": 0.0,
    "Eficiencia_Energetica": 0.0,
    "Eficiencia_Operacional": 0.0,
    "Tempo_Total_Manobras_h": 0.0,
    "Quantidade_Manobras": 0,
    "Tempo_Medio_Manobras_min": 0.0,
    "Frotas_no_dia": "547",
    "Vel_Colheita_media": null
  },
  "10562 - JULIO CESAR FREITAS JUNIOR": {
    "Horas_Registradas": 4.1963888889,
    "Horas_Produtivas": 3.0947222222,
    "Horas_Improdutivas": 0.7430555556,
    "Horas_Auxiliar": 0.2080555556,
    "Horas_Climático": 0.0,
    "Horas_Manutencao": 0.1505555556,
    "Horas_Motor_Ligado": 3.6775,
    "Porcentagem_Motor_Ligado": 87.6348712517,
    "Horas_Motor_Ocioso": 0.6947222222,
    "Porcentagem_Motor_Ocioso": 16.555239293,
    "Tempo_Sem_Apontamento_h": 0.0022222222,
    "Porcentagem_Sem_Apontamento": 0.0529555835,
    "Eficiencia_Energetica": 0.8415288164,
    "Eficiencia_Operacional": 0.7374726948,
    "Tempo_Total_Manobras_h": 0.5625,
    "Quantidade_Manobras": 27,
    "Tempo_Medio_Manobras_min": 1.25,
    "Frotas_no_dia": "235",
    "Vel_Colheita_media": 5.4053674857
  },
  "10594 - MARCO VINICIO OLIVEIRA ROSA": {
    "Horas_Registradas": 42.3455555556,
    "Horas_Produtivas": 4.5852777778,
    "Horas_Improdutivas": 3.2311111111,
    "Horas_Auxiliar": 1.685,
    "Horas_Climático": 9.5247222222,
    "Horas_Manutencao": 23.3194444444,
    "Horas_Motor_Ligado": 27.7469444444,
    "Porcentagem_Motor_Ligado": 65.5250452625,
    "Horas_Motor_Ocioso": 2.6172222222,
    "Porcentagem_Motor_Ocioso": 6.1806302642,
    "Tempo_Sem_Apontamento_h": 1.5947222222,
    "Porcentagem_Sem_Apontamento": 3.7659730786,
    "Eficiencia_Energetica": 0.1652534313,
    "Eficiencia_Operacional": 0.1082823857,
    "Tempo_Total_Manobras_h": 2.2525,
    "Quantidade_Manobras": 98,
    "Tempo_Medio_Manobras_min": 1.3790816327,
    "Frotas_no_dia": "235, 517",
    "Vel_Colheita_media": 4.8637246964
  },
  "10605 - ANTONIO MACEDO BORGES": {
    "Horas_Registradas": 12.3025,
    "Horas_Produtivas": 6.9419444444,
    "Horas_Improdutivas": 4.6661111111,
    "Horas_Auxiliar": 0.6255555556,
    "Horas_Climático": 0.0,
    "Horas_Manutencao": 0.0688888889,
    "Horas_Motor_Ligado": 9.2658333333,
    "Porcentagem_Motor_Ligado": 75.3166700535,
    "Horas_Motor_Ocioso": 2.4769444444,
    "Porcentagem_Motor_Ocioso": 20.1336675021,
    "Tempo_Sem_Apontamento_h": 0.0075,
    "Porcentagem_Sem_Apontamento": 0.0609632189,
    "Eficiencia_Energetica": 0.7491980694,
    "Eficiencia_Operacional": 0.564271038,
    "Tempo_Total_Manobras_h": 0.6569444444,
    "Quantidade_Manobras": 38,
    "Tempo_Medio_Manobras_min": 1.0372807018,
    "Frotas_no_dia": "375",
    "Vel_Colheita_media": 5.4902709273
  },
  "10675 - MAICON DOUGLAS JUSTINO DA SILVA": {
    "Horas_Registradas": 5.1172222222,
    "Horas_Produtivas": 3.8086111111,
    "Horas_Improdutivas": 0.7125,
    "Horas_Auxiliar": 0.5961111111,
    "Horas_Climático": 0.0,
    "Horas_Manutencao": 0.0,
    "Horas_Motor_Ligado": 3.7411111111,
    "Porcentagem_Motor_Ligado": 73.1082401476,
    "Horas_Motor_Ocioso": 0.4663888889,
    "Porcentagem_Motor_Ocioso": 9.1141027033,
    "Tempo_Sem_Apontamento_h": 0.0075,
    "Porcentagem_Sem_Apontamento": 0.146563891,
    "Eficiencia_Energetica": 1.018042768,
    "Eficiencia_Operacional": 0.7442731517,
    "Tempo_Total_Manobras_h": 1.0077777778,
    "Quantidade_Manobras": 54,
    "Tempo_Medio_Manobras_min": 1.1197530864,
    "Frotas_no_dia": "547",
    "Vel_Colheita_media": 3.6507101061
  },
  "10679 - HELDER RICARDO BORGES": {
    "Horas_Registradas": 5.2494444444,
    "Horas_Produtivas": 4.7705555556,
    "Horas_Improdutivas": 0.4447222222,
    "Horas_Auxiliar": 0.0341666667,
    "Horas_Climático": 0.0,
    "Horas_Manutencao": 0.0,
    "Horas_Motor_Ligado": 4.5927777778,
    "Porcentagem_Motor_Ligado": 87.4907397608,
    "Horas_Motor_Ocioso": 0.2002777778,
    "Porcentagem_Motor_Ocioso": 3.8152185416,
    "Tempo_Sem_Apontamento_h": 0.0888888889,
    "Porcentagem_Sem_Apontamento": 1.6933008784,
    "Eficiencia_Energetica": 1.0387081166,
    "Eficiencia_Operacional": 0.9087734152,
    "Tempo_Total_Manobras_h": 0.8608333333,
    "Quantidade_Manobras": 36,
    "Tempo_Medio_Manobras_min": 1.4347222222,
    "Frotas_no_dia": "298",
    "Vel_Colheita_media": 4.353251865
  },
  "10710 - JOCIVAL OLIVEIRA SOUSA": {
    "Horas_Registradas": 11.8238888889,
    "Horas_Produtivas": 7.7938888889,
    "Horas_Improdutivas": 3.5230555556,
    "Horas_Auxiliar": 0.5069444444,
    "Horas_Climático": 0.0,
    "Horas_Manutencao": 0.0,
    "Horas_Motor_Ligado": 10.2122222222,
    "Porcentagem_Motor_Ligado": 86.3694028098,
    "Horas_Motor_Ocioso": 2.7097222222,
    "Porcentagem_Motor_Ocioso": 22.9173518771,
    "Tempo_Sem_Apontamento_h": 0.4236111111,
    "Porcentagem_Sem_Apontamento": 3.5826716158,
    "Eficiencia_Energetica": 0.7631922533,
    "Eficiencia_Operacional": 0.6591645915,
    "Tempo_Total_Manobras_h": 0.9069444444,
    "Quantidade_Manobras": 44,
    "Tempo_Medio_Manobras_min": 1.2367424242,
    "Frotas_no_dia": "354",
    "Vel_Colheita_media": 5.4437776792
  },