{
  "102 - NILTON FRANCISCO DA SILVA": {
    "Horas_Registradas": 47.7566666667,
    "Horas_Produtivas": 33.0855555556,
    "Horas_Improdutivas": 12.1361111111,
    "Horas_Auxiliar": 2.1305555556,
    "Horas_Climático": 0.0,
    "Horas_Manutencao": 0.4044444444,
    "Horas_Motor_Ligado": 36.6894444444,
    "Porcentagem_Motor_Ligado": 76.8258067518,
    "Horas_Motor_Ocioso": 10.8644444444,
    "Porcentagem_Motor_Ocioso": 22.7495870268,
    "Tempo_Sem_Apontamento_h": 9.2641666667,
    "Porcentagem_Sem_Apontamento": 19.3986877923,
    "Eficiencia_Energetica": 0.9017731409,
    "Eficiencia_Operacional": 0.6927944906,
    "Tempo_Total_Manobras_h": 11.0469444444,
    "Quantidade_Manobras": 570,
    "Tempo_Medio_Manobras_min": 1.1628362573,
    "Frotas_no_dia": "235, 279, 369, 547",
    "Vel_Colheita_media": 5.2768861468
  },
  "9999 - Não cadastrado": {
    "Horas_Registradas": 32.1038888889,
    "Horas_Produtivas": 11.3491666667,
    "Horas_Improdutivas": 18.9622222222,
    "Horas_Auxiliar": 1.7925,
    "Horas_Climático": 0.0,
    "Horas_Manutencao": 0.0,
    "Horas_Motor_Ligado": 27.9627777778,
    "Porcentagem_Motor_Ligado": 87.1009050478,
    "Horas_Motor_Ocioso": 17.1933333333,
    "Porcentagem_Motor_Ocioso": 53.5552979044,
    "Tempo_Sem_Apontamento_h": 9.3897222222,
    "Porcentagem_Sem_Apontamento": 29.2479277346,
    "Eficiencia_Energetica": 0.4058669263,
    "Eficiencia_Operacional": 0.3535137661,
    "Tempo_Total_Manobras_h": 1.4783333333,
    "Quantidade_Manobras": 71,
    "Tempo_Medio_Manobras_min": 1.2492957746,
    "Frotas_no_dia": "235, 298, 354, 375, 517, 547, 560",
    "Vel_Colheita_media": 6.2665248347
  },
  "10143 - GILSINEY FERREIRA SILVA": {
    "Horas_Registradas": 6.3888888889,
    "Horas_Produtivas": 3.0613888889,
    "Horas_Improdutivas": 3.3033333333,
    "Horas_Auxiliar": 0.0241666667,
    "Horas_Climático": 0.0,
    "Horas_Manutencao": 0.0,
    "Horas_Motor_Ligado": 5.3397222222,
    "Porcentagem_Motor_Ligado": 83.5782608696,
    "Horas_Motor_Ocioso": 3.3013888889,
    "Porcentagem_Motor_Ocioso": 51.6739130435,
    "Tempo_Sem_Apontamento_h": 0.0019444444,
    "Porcentagem_Sem_Apontamento": 0.0304347826,
    "Eficiencia_Energetica": 0.5733236227,
    "Eficiencia_Operacional": 0.479173913,
    "Tempo_Total_Manobras_h": 1.0911111111,
    "Quantidade_Manobras": 63,
    "Tempo_Medio_Manobras_min": 1.0391534392,
    "Frotas_no_dia": "547",
    "Vel_Colheita_media": 3.1930917806
  },
  "10232 - CLEOMEDES FERREIRA DE MATOS": {
    "Horas_Registradas": 25.6683333333,
    "Horas_Produtivas": 8.6230555556,
    "Horas_Improdutivas": 4.5997222222,
    "Horas_Auxiliar": 0.4586111111,
    "Horas_Climático": 0.0,
    "Horas_Manutencao": 11.9869444444,
    "Horas_Motor_Ligado": 18.4597222222,
    "Porcentagem_Motor_Ligado": 71.9163257797,
    "Horas_Motor_Ocioso": 4.0755555556,
    "Porcentagem_Motor_Ocioso": 15.8777568556,
    "Tempo_Sem_Apontamento_h": 3.7127777778,
    "Porcentagem_Sem_Apontamento": 14.4644287167,
    "Eficiencia_Energetica": 0.4671281318,
    "Eficiencia_Operacional": 0.3359413891,
    "Tempo_Total_Manobras_h": 1.3166666667,
    "Quantidade_Manobras": 84,
    "Tempo_Medio_Manobras_min": 0.9404761905,
    "Frotas_no_dia": "354, 375",
    "Vel_Colheita_media": 4.9204478577
  },
  "10562 - JULIO CESAR FREITAS JUNIOR": {
    "Horas_Registradas": 4.5805555556,
    "Horas_Produtivas": 2.6827777778,
    "Horas_Improdutivas": 1.3625,
    "Horas_Auxiliar": 0.5352777778,
    "Horas_Climático": 0.0,
    "Horas_Manutencao": 0.0,
    "Horas_Motor_Ligado": 3.3686111111,
    "Porcentagem_Motor_Ligado": 73.5415403275,
    "Horas_Motor_Ocioso": 1.2816666667,
    "Porcentagem_Motor_Ocioso": 27.9805942996,
    "Tempo_Sem_Apontamento_h": 0.0,
    "Porcentagem_Sem_Apontamento": 0.0,
    "Eficiencia_Energetica": 0.7964047167,
    "Eficiencia_Operacional": 0.5856882959,
    "Tempo_Total_Manobras_h": 1.0986111111,
    "Quantidade_Manobras": 55,
    "Tempo_Medio_Manobras_min": 1.1984848485,
    "Frotas_no_dia": "235",
    "Vel_Colheita_media": 4.8450464668
  },
  "10594 - MARCO VINICIO OLIVEIRA ROSA": {
    "Horas_Registradas": 11.5958333333,
    "Horas_Produtivas": 3.3861111111,
    "Horas_Improdutivas": 1.3605555556,
    "Horas_Auxiliar": 1.7030555556,
    "Horas_Climático": 0.0,
    "Horas_Manutencao": 5.1461111111,
    "Horas_Motor_Ligado": 9.3797222222,
    "Porcentagem_Motor_Ligado": 80.8887291891,
    "Horas_Motor_Ocioso": 0.9502777778,
    "Porcentagem_Motor_Ocioso": 8.1949934124,
    "Tempo_Sem_Apontamento_h": 0.2480555556,
    "Porcentagem_Sem_Apontamento": 2.1391783447,
    "Eficiencia_Energetica": 0.3610033465,
    "Eficiencia_Operacional": 0.2920110193,
    "Tempo_Total_Manobras_h": 0.5102777778,
    "Quantidade_Manobras": 30,
    "Tempo_Medio_Manobras_min": 1.0205555556,
    "Frotas_no_dia": "235, 517",
    "Vel_Colheita_media": 4.1734656621
  },
  "10605 - ANTONIO MACEDO BORGES": {
    "Horas_Registradas": 5.795,
    "Horas_Produtivas": 4.3608333333,
    "Horas_Improdutivas": 0.8380555556,
    "Horas_Auxiliar": 0.5961111111,
    "Horas_Climático": 0.0,
    "Horas_Manutencao": 0.0,
    "Horas_Motor_Ligado": 4.6769444444,
    "Porcentagem_Motor_Ligado": 80.7065477902,
    "Horas_Motor_Ocioso": 0.2802777778,
    "Porcentagem_Motor_Ocioso": 4.8365449142,
    "Tempo_Sem_Apontamento_h": 0.5577777778,
    "Porcentagem_Sem_Apontamento": 9.6251557856,
    "Eficiencia_Energetica": 0.932410762,
    "Eficiencia_Operacional": 0.7525165372,
    "Tempo_Total_Manobras_h": 0.6136111111,
    "Quantidade_Manobras": 47,
    "Tempo_Medio_Manobras_min": 0.7833333333,
    "Frotas_no_dia": "354, 375",
    "Vel_Colheita_media": 4.6973936249
  },
  "10675 - MAICON DOUGLAS JUSTINO DA SILVA": {
    "Horas_Registradas": 5.3247222222,
    "Horas_Produtivas": 4.2630555556,
    "Horas_Improdutivas": 0.8391666667,
    "Horas_Auxiliar": 0.2225,
    "Horas_Climático": 0.0,
    "Horas_Manutencao": 0.0,
    "Horas_Motor_Ligado": 4.7091666667,
    "Porcentagem_Motor_Ligado": 88.4396682143,
    "Horas_Motor_Ocioso": 0.8013888889,
    "Porcentagem_Motor_Ocioso": 15.0503416975,
    "Tempo_Sem_Apontamento_h": 0.0794444444,
    "Porcentagem_Sem_Apontamento": 1.4919922792,
    "Eficiencia_Energetica": 0.9052675043,
    "Eficiencia_Operacional": 0.8006155772,
    "Tempo_Total_Manobras_h": 0.8666666667,
    "Quantidade_Manobras": 35,
    "Tempo_Medio_Manobras_min": 1.4857142857,
    "Frotas_no_dia": "298, 517",
    "Vel_Colheita_media": 5.2093980535
  },
  "10679 - HELDER RICARDO BORGES": {
    "Horas_Registradas": 0.5463888889,
    "Horas_Produtivas": 0.0,
    "Horas_Improdutivas": 0.5463888889,
    "Horas_Auxiliar": 0.0,
    "Horas_Climático": 0.0,
    "Horas_Manutencao": 0.0,
    "Horas_Motor_Ligado": 0.0,
    "Porcentagem_Motor_Ligado": 0.0,
    "Horas_Motor_Ocioso": 0.0,
    "Porcentagem_Motor_Ocioso": 0.0,
    "Tempo_Sem_Apontamento_h": 0.0,
    "Porcentagem_Sem_Apontamento": 0.0,
    "Eficiencia_Energetica": 0.0,
    "Eficiencia_Operacional": 0.0,
    "Tempo_Total_Manobras_h": 0.0,
    "Quantidade_Manobras": 0,
    "Tempo_Medio_Manobras_min": 0.0,
    "Frotas_no_dia": "298",
    "Vel_Colheita_media": null
  },
  "10770 - CHARLES FERREIRA BARBOSA": {
    "Horas_Registradas": 40.2369444444,
    "Horas_Produtivas": 13.2638888889,
    "Horas_Improdutivas": 24.9294444444,
    "Horas_Auxiliar": 2.0436111111,
    "Horas_Climático": 0.0,
    "Horas_Manutencao": 0.0,
    "Horas_Motor_Ligado": 36.9475,
    "Porcentagem_Motor_Ligado": 91.8248155026,
    "Horas_Motor_Ocioso": 24.3844444444,
    "Porcentagem_Motor_Ocioso": 60.6021276743,
    "Tempo_Sem_Apontamento_h": 23.3288888889,
    "Porcentagem_Sem_Apontamento": 57.9787784858,
    "Eficiencia_Energetica": 0.3589928653,
    "Eficiencia_Operacional": 0.3296445362,
    "Tempo_Total_Manobras_h": 3.1255555556,
    "Quantidade_Manobras": 159,
    "Tempo_Medio_Manobras_min": 1.1794549266,
    "Frotas_no_dia": "235, 298, 469",
    "Vel_Colheita_media": 5.1527091895
  }
}