{
  "102 - NILTON FRANCISCO DA SILVA": {
    "Horas_Registradas": 47.9977777778,
    "Horas_Produtivas": 23.5355555556,
    "Horas_Improdutivas": 21.7313888889,
    "Horas_Auxiliar": 2.5897222222,
    "Horas_Climático": 0.0,
    "Horas_Manutencao": 0.1411111111,
    "Horas_Motor_Ligado": 35.6666666667,
    "Porcentagem_Motor_Ligado": 74.3089957868,
    "Horas_Motor_Ocioso": 15.6461111111,
    "Porcentagem_Motor_Ocioso": 32.5975739618,
    "Tempo_Sem_Apontamento_h": 19.4661111111,
    "Porcentagem_Sem_Apontamento": 40.5562757535,
    "Eficiencia_Energetica": 0.6598753894,
    "Eficiencia_Operacional": 0.4903467753,
    "Tempo_Total_Manobras_h": 6.3222222222,
    "Quantidade_Manobras": 372,
    "Tempo_Medio_Manobras_min": 1.0197132616,
    "Frotas_no_dia": "279, 369",
    "Vel_Colheita_media": 5.5863363349
  },
  "9999 - Não cadastrado": {
    "Horas_Registradas": 40.0241666667,
    "Horas_Produtivas": 23.0294444444,
    "Horas_Improdutivas": 15.965,
    "Horas_Auxiliar": 1.0297222222,
    "Horas_Climático": 0.0,
    "Horas_Manutencao": 0.0,
    "Horas_Motor_Ligado": 31.2969444444,
    "Porcentagem_Motor_Ligado": 78.1951182272,
    "Horas_Motor_Ocioso": 10.7180555556,
    "Porcentagem_Motor_Ocioso": 26.7789599339,
    "Tempo_Sem_Apontamento_h": 5.9708333333,
    "Porcentagem_Sem_Apontamento": 14.9180703325,
    "Eficiencia_Energetica": 0.7358368318,
    "Eficiencia_Operacional": 0.5753884806,
    "Tempo_Total_Manobras_h": 4.4813888889,
    "Quantidade_Manobras": 214,
    "Tempo_Medio_Manobras_min": 1.2564641745,
    "Frotas_no_dia": "235, 279, 298, 354, 560",
    "Vel_Colheita_media": 5.9799911641
  },
  "10143 - GILSINEY FERREIRA SILVA": {
    "Horas_Registradas": 6.8647222222,
    "Horas_Produtivas": 0.8666666667,
    "Horas_Improdutivas": 0.0,
    "Horas_Auxiliar": 0.125,
    "Horas_Climático": 0.0,
    "Horas_Manutencao": 5.8730555556,
    "Horas_Motor_Ligado": 5.7822222222,
    "Porcentagem_Motor_Ligado": 84.2309715534,
    "Horas_Motor_Ocioso": 0.0,
    "Porcentagem_Motor_Ocioso": 0.0,
    "Tempo_Sem_Apontamento_h": 0.0,
    "Porcentagem_Sem_Apontamento": 0.0,
    "Eficiencia_Energetica": 0.1498847041,
    "Eficiencia_Operacional": 0.1262493425,
    "Tempo_Total_Manobras_h": 0.3147222222,
    "Quantidade_Manobras": 15,
    "Tempo_Medio_Manobras_min": 1.2588888889,
    "Frotas_no_dia": "547",
    "Vel_Colheita_media": 4.3096527428
  },
  "10232 - CLEOMEDES FERREIRA DE MATOS": {
    "Horas_Registradas": 15.6261111111,
    "Horas_Produtivas": 8.3363888889,
    "Horas_Improdutivas": 4.5369444444,
    "Horas_Auxiliar": 0.5458333333,
    "Horas_Climático": 0.0,
    "Horas_Manutencao": 2.2069444444,
    "Horas_Motor_Ligado": 13.7966666667,
    "Porcentagem_Motor_Ligado": 88.2923880968,
    "Horas_Motor_Ocioso": 3.8333333333,
    "Porcentagem_Motor_Ocioso": 24.5315888648,
    "Tempo_Sem_Apontamento_h": 1.7861111111,
    "Porcentagem_Sem_Apontamento": 11.4302982899,
    "Eficiencia_Energetica": 0.6042321012,
    "Eficiencia_Operacional": 0.5334909518,
    "Tempo_Total_Manobras_h": 1.5211111111,
    "Quantidade_Manobras": 66,
    "Tempo_Medio_Manobras_min": 1.3828282828,
    "Frotas_no_dia": "375",
    "Vel_Colheita_media": 5.5254028938
  },
  "10412 - TIAGO ALMEIDA NUNES": {
    "Horas_Registradas": 17.135,
    "Horas_Produtivas": 5.8611111111,
    "Horas_Improdutivas": 1.2427777778,
    "Horas_Auxiliar": 1.1544444444,
    "Horas_Climático": 3.9780555556,
    "Horas_Manutencao": 4.8986111111,
    "Horas_Motor_Ligado": 14.9291666667,
    "Porcentagem_Motor_Ligado": 87.1267386441,
    "Horas_Motor_Ocioso": 1.1427777778,
    "Porcentagem_Motor_Ocioso": 6.6692604481,
    "Tempo_Sem_Apontamento_h": 1.0572222222,
    "Porcentagem_Sem_Apontamento": 6.1699575268,
    "Eficiencia_Energetica": 0.39259466,
    "Eficiencia_Operacional": 0.3420549233,
    "Tempo_Total_Manobras_h": 1.9822222222,
    "Quantidade_Manobras": 97,
    "Tempo_Medio_Manobras_min": 1.2261168385,
    "Frotas_no_dia": "547",
    "Vel_Colheita_media": 4.6355643082
  },
  "10562 - JULIO CESAR FREITAS JUNIOR": {
    "Horas_Registradas": 6.2369444444,
    "Horas_Produtivas": 4.5497222222,
    "Horas_Improdutivas": 1.5794444444,
    "Horas_Auxiliar": 0.1077777778,
    "Horas_Climático": 0.0,
    "Horas_Manutencao": 0.0,
    "Horas_Motor_Ligado": 4.7833333333,
    "Porcentagem_Motor_Ligado": 76.6935376119,
    "Horas_Motor_Ocioso": 1.2058333333,
    "Porcentagem_Motor_Ocioso": 19.3337193248,
    "Tempo_Sem_Apontamento_h": 0.005,
    "Porcentagem_Sem_Apontamento": 0.0801674609,
    "Eficiencia_Energetica": 0.9511614402,
    "Eficiencia_Operacional": 0.7294793569,
    "Tempo_Total_Manobras_h": 1.1588888889,
    "Quantidade_Manobras": 68,
    "Tempo_Medio_Manobras_min": 1.0225490196,
    "Frotas_no_dia": "235",
    "Vel_Colheita_media": 5.7592889326
  },
  "10594 - MARCO VINICIO OLIVEIRA ROSA": {
    "Horas_Registradas": 41.2897222222,
    "Horas_Produtivas": 4.6966666667,
    "Horas_Improdutivas": 17.2375,
    "Horas_Auxiliar": 2.7694444444,
    "Horas_Climático": 5.6647222222,
    "Horas_Manutencao": 10.9213888889,
    "Horas_Motor_Ligado": 24.4280555556,
    "Porcentagem_Motor_Ligado": 59.1625572681,
    "Horas_Motor_Ocioso": 2.6519444444,
    "Porcentagem_Motor_Ocioso": 6.422771338,
    "Tempo_Sem_Apontamento_h": 16.0463888889,
    "Porcentagem_Sem_Apontamento": 38.8629131543,
    "Eficiencia_Energetica": 0.1922652688,
    "Eficiencia_Operacional": 0.1137490497,
    "Tempo_Total_Manobras_h": 1.6894444444,
    "Quantidade_Manobras": 110,
    "Tempo_Medio_Manobras_min": 0.9215151515,
    "Frotas_no_dia": "235, 517",
    "Vel_Colheita_media": 4.2727138371
  },
  "10605 - ANTONIO MACEDO BORGES": {
    "Horas_Registradas": 4.8591666667,
    "Horas_Produtivas": 2.8705555556,
    "Horas_Improdutivas": 1.97,
    "Horas_Auxiliar": 0.0186111111,
    "Horas_Climático": 0.0,
    "Horas_Manutencao": 0.0,
    "Horas_Motor_Ligado": 4.0611111111,
    "Porcentagem_Motor_Ligado": 83.5762876579,
    "Horas_Motor_Ocioso": 1.395,
    "Porcentagem_Motor_Ocioso": 28.7086263077,
    "Tempo_Sem_Apontamento_h": 0.0,
    "Porcentagem_Sem_Apontamento": 0.0,
    "Eficiencia_Energetica": 0.7068399453,
    "Eficiencia_Operacional": 0.5907505859,
    "Tempo_Total_Manobras_h": 0.2508333333,
    "Quantidade_Manobras": 18,
    "Tempo_Medio_Manobras_min": 0.8361111111,
    "Frotas_no_dia": "375",
    "Vel_Colheita_media": 5.3694475665
  },
  "10679 - HELDER RICARDO BORGES": {
    "Horas_Registradas": 6.7297222222,
    "Horas_Produtivas": 5.0,
    "Horas_Improdutivas": 1.4241666667,
    "Horas_Auxiliar": 0.3055555556,
    "Horas_Climático": 0.0,
    "Horas_Manutencao": 0.0,
    "Horas_Motor_Ligado": 5.9433333333,
    "Porcentagem_Motor_Ligado": 88.3146902217,
    "Horas_Motor_Ocioso": 1.4241666667,
    "Porcentagem_Motor_Ocioso": 21.1623395385,
    "Tempo_Sem_Apontamento_h": 1.1758333333,
    "Porcentagem_Sem_Apontamento": 17.4722417138,
    "Eficiencia_Energetica": 0.8412787437,
    "Eficiencia_Operacional": 0.7429727164,
    "Tempo_Total_Manobras_h": 1.4497222222,
    "Quantidade_Manobras": 47,
    "Tempo_Medio_Manobras_min": 1.8507092199,
    "Frotas_no_dia": "298",
    "Vel_Colheita_media": 3.9709694077
  },
  "10710 - JOCIVAL OLIVEIRA SOUSA": {
    "Horas_Registradas": 11.9669444444,
    "Horas_Produtivas": 8.43,
    "Horas_Improdutivas": 2.2886111111,
    "Horas_Auxiliar": 0.7738888889,
    "Horas_Climático": 0.0,
    "Horas_Manutencao": 0.4744444444,
    "Horas_Motor_Ligado": 8.9213888889,
    "Porcentagem_Motor_Ligado": 74.5502657784,
    "Horas_Motor_Ocioso": 1.5955555556,
    "Porcentagem_Motor_Ocioso": 13.3330238388,
    "Tempo_Sem_Apontamento_h": 0.025,
    "Porcentagem_Sem_Apontamento": 0.2089087997,
    "Eficiencia_Energetica": 0.9449201358,
    "Eficiencia_Operacional": 0.7044404726,
    "Tempo_Total_Manobras_h": 2.3483333333,
    "Quantidade_Manobras": 115,
    "Tempo_Medio_Manobras_min": 1.2252173913,
    "Frotas_no_dia": "354, 375",
    "Vel_Colheita_media": 5.1980314241
  },