{
  "102 - NILTON FRANCISCO DA SILVA": {
    "Horas_Registradas": 58.8886111111,
    "Horas_Produtivas": 37.8969444444,
    "Horas_Improdutivas": 16.8258333333,
    "Horas_Auxiliar": 3.2386111111,
    "Horas_Climático": 0.0,
    "Horas_Manutencao": 0.9272222222,
    "Horas_Motor_Ligado": 45.1336111111,
    "Porcentagem_Motor_Ligado": 76.6423426526,
    "Horas_Motor_Ocioso": 14.1038888889,
    "Porcentagem_Motor_Ocioso": 23.9501129722,
    "Tempo_Sem_Apontamento_h": 10.4711111111,
    "Porcentagem_Sem_Apontamento": 17.7812159491,
    "Eficiencia_Energetica": 0.8396612527,
    "Eficiencia_Operacional": 0.6435360544,
    "Tempo_Total_Manobras_h": 11.8205555556,
    "Quantidade_Manobras": 683,
    "Tempo_Medio_Manobras_min": 1.03840898,
    "Frotas_no_dia": "279, 369, 547",
    "Vel_Colheita_media": 5.7616684953
  },
  "9999 - Não cadastrado": {
    "Horas_Registradas": 35.6886111111,
    "Horas_Produtivas": 16.8230555556,
    "Horas_Improdutivas": 8.2347222222,
    "Horas_Auxiliar": 2.1561111111,
    "Horas_Climático": 0.0,
    "Horas_Manutencao": 8.4747222222,
    "Horas_Motor_Ligado": 28.6233333333,
    "Porcentagem_Motor_Ligado": 80.202990372,
    "Horas_Motor_Ocioso": 5.2375,
    "Porcentagem_Motor_Ocioso": 14.6755500899,
    "Tempo_Sem_Apontamento_h": 4.02,
    "Porcentagem_Sem_Apontamento": 11.2640976346,
    "Eficiencia_Energetica": 0.5877392182,
    "Eficiencia_Operacional": 0.4713844286,
    "Tempo_Total_Manobras_h": 2.6108333333,
    "Quantidade_Manobras": 120,
    "Tempo_Medio_Manobras_min": 1.3054166667,
    "Frotas_no_dia": "235, 298, 517, 547, 560",
    "Vel_Colheita_media": 6.2891716832
  },
  "10143 - GILSINEY FERREIRA SILVA": {
    "Horas_Registradas": 12.6277777778,
    "Horas_Produtivas": 9.5741666667,
    "Horas_Improdutivas": 0.9288888889,
    "Horas_Auxiliar": 2.1247222222,
    "Horas_Climático": 0.0,
    "Horas_Manutencao": 0.0,
    "Horas_Motor_Ligado": 8.945,
    "Porcentagem_Motor_Ligado": 70.835899692,
    "Horas_Motor_Ocioso": 0.8122222222,
    "Porcentagem_Motor_Ocioso": 6.4320281566,
    "Tempo_Sem_Apontamento_h": 0.0,
    "Porcentagem_Sem_Apontamento": 0.0,
    "Eficiencia_Energetica": 1.0703372461,
    "Eficiencia_Operacional": 0.758183018,
    "Tempo_Total_Manobras_h": 2.6613888889,
    "Quantidade_Manobras": 148,
    "Tempo_Medio_Manobras_min": 1.0789414414,
    "Frotas_no_dia": "547",
    "Vel_Colheita_media": 4.9502322591
  },
  "10232 - CLEOMEDES FERREIRA DE MATOS": {
    "Horas_Registradas": 35.9505555556,
    "Horas_Produtivas": 10.5511111111,
    "Horas_Improdutivas": 8.5008333333,
    "Horas_Auxiliar": 0.2980555556,
    "Horas_Climático": 0.0,
    "Horas_Manutencao": 16.6005555556,
    "Horas_Motor_Ligado": 25.7255555556,
    "Porcentagem_Motor_Ligado": 71.558158582,
    "Horas_Motor_Ocioso": 2.1780555556,
    "Porcentagem_Motor_Ocioso": 6.0584753751,
    "Tempo_Sem_Apontamento_h": 8.1197222222,
    "Porcentagem_Sem_Apontamento": 22.5858045773,
    "Eficiencia_Energetica": 0.4101412344,
    "Eficiencia_Operacional": 0.2934895149,
    "Tempo_Total_Manobras_h": 1.5555555556,
    "Quantidade_Manobras": 69,
    "Tempo_Medio_Manobras_min": 1.3526570048,
    "Frotas_no_dia": "354, 375",
    "Vel_Colheita_media": 4.7653946393
  },
  "10412 - TIAGO ALMEIDA NUNES": {
    "Horas_Registradas": 7.7994444444,
    "Horas_Produtivas": 2.3069444444,
    "Horas_Improdutivas": 2.1397222222,
    "Horas_Auxiliar": 3.3527777778,
    "Horas_Climático": 0.0,
    "Horas_Manutencao": 0.0,
    "Horas_Motor_Ligado": 6.6344444444,
    "Porcentagem_Motor_Ligado": 85.063038678,
    "Horas_Motor_Ocioso": 2.1191666667,
    "Porcentagem_Motor_Ocioso": 27.1707386566,
    "Tempo_Sem_Apontamento_h": 0.2297222222,
    "Porcentagem_Sem_Apontamento": 2.9453664791,
    "Eficiencia_Energetica": 0.3477223246,
    "Eficiencia_Operacional": 0.2957831754,
    "Tempo_Total_Manobras_h": 1.0158333333,
    "Quantidade_Manobras": 58,
    "Tempo_Medio_Manobras_min": 1.050862069,
    "Frotas_no_dia": "235",
    "Vel_Colheita_media": 5.2142168675
  },
  "10562 - JULIO CESAR FREITAS JUNIOR": {
    "Horas_Registradas": 5.2813888889,
    "Horas_Produtivas": 2.7880555556,
    "Horas_Improdutivas": 1.6725,
    "Horas_Auxiliar": 0.8208333333,
    "Horas_Climático": 0.0,
    "Horas_Manutencao": 0.0,
    "Horas_Motor_Ligado": 3.8144444444,
    "Porcentagem_Motor_Ligado": 72.2242676064,
    "Horas_Motor_Ocioso": 1.3055555556,
    "Porcentagem_Motor_Ocioso": 24.71992847,
    "Tempo_Sem_Apontamento_h": 0.0416666667,
    "Porcentagem_Sem_Apontamento": 0.7889338873,
    "Eficiencia_Energetica": 0.7309204777,
    "Eficiencia_Operacional": 0.5279019618,
    "Tempo_Total_Manobras_h": 1.2822222222,
    "Quantidade_Manobras": 61,
    "Tempo_Medio_Manobras_min": 1.2612021858,
    "Frotas_no_dia": "235",
    "Vel_Colheita_media": 5.1490426121
  },
  "10594 - MARCO VINICIO OLIVEIRA ROSA": {
    "Horas_Registradas": 19.5305555556,
    "Horas_Produtivas": 1.3191666667,
    "Horas_Improdutivas": 4.5625,
    "Horas_Auxiliar": 0.7916666667,
    "Horas_Climático": 0.0,
    "Horas_Manutencao": 12.8572222222,
    "Horas_Motor_Ligado": 18.1038888889,
    "Porcentagem_Motor_Ligado": 92.6952069407,
    "Horas_Motor_Ocioso": 3.7966666667,
    "Porcentagem_Motor_Ocioso": 19.43962452,
    "Tempo_Sem_Apontamento_h": 3.8955555556,
    "Porcentagem_Sem_Apontamento": 19.9459536339,
    "Eficiencia_Energetica": 0.0728664805,
    "Eficiencia_Operacional": 0.0675437349,
    "Tempo_Total_Manobras_h": 0.6175,
    "Quantidade_Manobras": 31,
    "Tempo_Medio_Manobras_min": 1.1951612903,
    "Frotas_no_dia": "235, 517",
    "Vel_Colheita_media": 4.7423555028
  },
  "10605 - ANTONIO MACEDO BORGES": {
    "Horas_Registradas": 6.9263888889,
    "Horas_Produtivas": 4.5977777778,
    "Horas_Improdutivas": 1.0730555556,
    "Horas_Auxiliar": 0.8427777778,
    "Horas_Climático": 0.0,
    "Horas_Manutencao": 0.4127777778,
    "Horas_Motor_Ligado": 5.8155555556,
    "Porcentagem_Motor_Ligado": 83.9623019852,
    "Horas_Motor_Ocioso": 0.7983333333,
    "Porcentagem_Motor_Ocioso": 11.5259675155,
    "Tempo_Sem_Apontamento_h": 0.0,
    "Porcentagem_Sem_Apontamento": 0.0,
    "Eficiencia_Energetica": 0.7905999236,
    "Eficiencia_Operacional": 0.6638058953,
    "Tempo_Total_Manobras_h": 0.9338888889,
    "Quantidade_Manobras": 46,
    "Tempo_Medio_Manobras_min": 1.218115942,
    "Frotas_no_dia": "375",
    "Vel_Colheita_media": 5.011373768
  },
  "10675 - MAICON DOUGLAS JUSTINO DA SILVA": {
    "Horas_Registradas": 6.1430555556,
    "Horas_Produtivas": 3.1408333333,
    "Horas_Improdutivas": 1.9197222222,
    "Horas_Auxiliar": 0.1327777778,
    "Horas_Climático": 0.0,
    "Horas_Manutencao": 0.9497222222,
    "Horas_Motor_Ligado": 5.5822222222,
    "Porcentagem_Motor_Ligado": 90.8704499209,
    "Horas_Motor_Ocioso": 1.8141666667,
    "Porcentagem_Motor_Ocioso": 29.5319918607,
    "Tempo_Sem_Apontamento_h": 0.1411111111,
    "Porcentagem_Sem_Apontamento": 2.2970834275,
    "Eficiencia_Energetica": 0.5626492834,
    "Eficiencia_Operacional": 0.5112819353,
    "Tempo_Total_Manobras_h": 0.5725,
    "Quantidade_Manobras": 30,
    "Tempo_Medio_Manobras_min": 1.145,
    "Frotas_no_dia": "517",
    "Vel_Colheita_media": 4.2026649362
  },
  "10679 - HELDER RICARDO BORGES": {
    "Horas_Registradas": 11.6019444444,
    "Horas_Produtivas": 8.2536111111,
    "Horas_Improdutivas": 1.2936111111,
    "Horas_Auxiliar": 0.4211111111,
    "Horas_Climático": 0.0,
    "Horas_Manutencao": 1.6336111111,
    "Horas_Motor_Ligado": 9.6608333333,
    "Porcentagem_Motor_Ligado": 83.269088036,
    "Horas_Motor_Ocioso": 1.0383333333,
    "Porcentagem_Motor_Ocioso": 8.9496492446,
    "Tempo_Sem_Apontamento_h": 0.4030555556,
    "Porcentagem_Sem_Apontamento": 3.4740345249,
    "Eficiencia_Energetica": 0.8543373875,
    "Eficiencia_Operacional": 0.7113989513,
    "Tempo_Total_Manobras_h": 2.8286111111,
    "Quantidade_Manobras": 99,
    "Tempo_Medio_Manobras_min": 1.7143097643,
    "Frotas_no_dia": "298",
    "Vel_Colheita_media": 4.308796211
  },