{
  "102 - NILTON FRANCISCO DA SILVA": {
    "Horas_Registradas": 71.9991666667,
    "Horas_Produtivas": 17.4783333333,
    "Horas_Improdutivas": 45.9347222222,
    "Horas_Auxiliar": 1.455,
    "Horas_Climático": 6.9233333333,
    "Horas_Manutencao": 0.2077777778,
    "Horas_Motor_Ligado": 32.9019444444,
    "Porcentagem_Motor_Ligado": 45.69767397,
    "Horas_Motor_Ocioso": 11.0922222222,
    "Porcentagem_Motor_Ocioso": 15.4060425082,
    "Tempo_Sem_Apontamento_h": 43.5411111111,
    "Porcentagem_Sem_Apontamento": 60.474465368,
    "Eficiencia_Energetica": 0.531224936,
    "Eficiencia_Operacional": 0.2427574393,
    "Tempo_Total_Manobras_h": 4.1188888889,
    "Quantidade_Manobras": 210,
    "Tempo_Medio_Manobras_min": 1.1768253968,
    "Frotas_no_dia": "279, 369, 560",
    "Vel_Colheita_media": 5.417629434
  },
  "9999 - Não cadastrado": {
    "Horas_Registradas": 24.3591666667,
    "Horas_Produtivas": 0.0833333333,
    "Horas_Improdutivas": 0.0,
    "Horas_Auxiliar": 0.2761111111,
    "Horas_Climático": 23.9997222222,
    "Horas_Manutencao": 0.0,
    "Horas_Motor_Ligado": 0.0833333333,
    "Porcentagem_Motor_Ligado": 0.3421025623,
    "Horas_Motor_Ocioso": 0.0,
    "Porcentagem_Motor_Ocioso": 0.0,
    "Tempo_Sem_Apontamento_h": 0.0,
    "Porcentagem_Sem_Apontamento": 0.0,
    "Eficiencia_Energetica": 1.0,
    "Eficiencia_Operacional": 0.0034210256,
    "Tempo_Total_Manobras_h": 0.0,
    "Quantidade_Manobras": 0,
    "Tempo_Medio_Manobras_min": 0.0,
    "Frotas_no_dia": "235, 298, 517",
    "Vel_Colheita_media": 5.17
  },
  "10143 - GILSINEY FERREIRA SILVA": {
    "Horas_Registradas": 5.48,
    "Horas_Produtivas": 3.4211111111,
    "Horas_Improdutivas": 0.4958333333,
    "Horas_Auxiliar": 0.1658333333,
    "Horas_Climático": 0.0811111111,
    "Horas_Manutencao": 1.3161111111,
    "Horas_Motor_Ligado": 4.7152777778,
    "Porcentagem_Motor_Ligado": 86.045214923,
    "Horas_Motor_Ocioso": 0.1625,
    "Porcentagem_Motor_Ocioso": 2.9653284672,
    "Tempo_Sem_Apontamento_h": 0.0088888889,
    "Porcentagem_Sem_Apontamento": 0.1622060016,
    "Eficiencia_Energetica": 0.7255375552,
    "Eficiencia_Operacional": 0.6242903487,
    "Tempo_Total_Manobras_h": 0.5216666667,
    "Quantidade_Manobras": 27,
    "Tempo_Medio_Manobras_min": 1.1592592593,
    "Frotas_no_dia": "547",
    "Vel_Colheita_media": 4.6004253688
  },
  "10562 - JULIO CESAR FREITAS JUNIOR": {
    "Horas_Registradas": 4.7130555556,
    "Horas_Produtivas": 1.9591666667,
    "Horas_Improdutivas": 0.8938888889,
    "Horas_Auxiliar": 0.3586111111,
    "Horas_Climático": 0.0,
    "Horas_Manutencao": 1.5013888889,
    "Horas_Motor_Ligado": 4.5897222222,
    "Porcentagem_Motor_Ligado": 97.3831555372,
    "Horas_Motor_Ocioso": 0.8938888889,
    "Porcentagem_Motor_Ocioso": 18.9662285613,
    "Tempo_Sem_Apontamento_h": 0.0,
    "Porcentagem_Sem_Apontamento": 0.0,
    "Eficiencia_Energetica": 0.4268595291,
    "Eficiencia_Operacional": 0.4156892792,
    "Tempo_Total_Manobras_h": 0.2741666667,
    "Quantidade_Manobras": 12,
    "Tempo_Medio_Manobras_min": 1.3708333333,
    "Frotas_no_dia": "517",
    "Vel_Colheita_media": 3.4582937685
  },
  "10594 - MARCO VINICIO OLIVEIRA ROSA": {
    "Horas_Registradas": 19.2841666667,
    "Horas_Produtivas": 0.4555555556,
    "Horas_Improdutivas": 0.0477777778,
    "Horas_Auxiliar": 0.1547222222,
    "Horas_Climático": 18.6261111111,
    "Horas_Manutencao": 0.0,
    "Horas_Motor_Ligado": 1.1175,
    "Porcentagem_Motor_Ligado": 5.794909468,
    "Horas_Motor_Ocioso": 0.0475,
    "Porcentagem_Motor_Ocioso": 0.2463160624,
    "Tempo_Sem_Apontamento_h": 0.0002777778,
    "Porcentagem_Sem_Apontamento": 0.0014404448,
    "Eficiencia_Energetica": 0.4076559781,
    "Eficiencia_Operacional": 0.0236232949,
    "Tempo_Total_Manobras_h": 0.0341666667,
    "Quantidade_Manobras": 3,
    "Tempo_Medio_Manobras_min": 0.6833333333,
    "Frotas_no_dia": "517",
    "Vel_Colheita_media": 4.4698747528
  },
  "10605 - ANTONIO MACEDO BORGES": {
    "Horas_Registradas": 23.9997222222,
    "Horas_Produtivas": 0.0,
    "Horas_Improdutivas": 0.0,
    "Horas_Auxiliar": 0.0,
    "Horas_Climático": 0.0,
    "Horas_Manutencao": 23.9997222222,
    "Horas_Motor_Ligado": 0.0,
    "Porcentagem_Motor_Ligado": 0.0,
    "Horas_Motor_Ocioso": 0.0,
    "Porcentagem_Motor_Ocioso": 0.0,
    "Tempo_Sem_Apontamento_h": 0.0,
    "Porcentagem_Sem_Apontamento": 0.0,
    "Eficiencia_Energetica": 0.0,
    "Eficiencia_Operacional": 0.0,
    "Tempo_Total_Manobras_h": 0.0,
    "Quantidade_Manobras": 0,
    "Tempo_Medio_Manobras_min": 0.0,
    "Frotas_no_dia": "375",
    "Vel_Colheita_media": null
  },
  "10675 - MAICON DOUGLAS JUSTINO DA SILVA": {
    "Horas_Registradas": 39.1194444444,
    "Horas_Produtivas": 3.3469444444,
    "Horas_Improdutivas": 1.0291666667,
    "Horas_Auxiliar": 0.4283333333,
    "Horas_Climático": 33.8858333333,
    "Horas_Manutencao": 0.4291666667,
    "Horas_Motor_Ligado": 13.5225,
    "Porcentagem_Motor_Ligado": 34.5672086913,
    "Horas_Motor_Ocioso": 0.6686111111,
    "Porcentagem_Motor_Ocioso": 1.7091528794,
    "Tempo_Sem_Apontamento_h": 0.24,
    "Porcentagem_Sem_Apontamento": 0.6135056451,
    "Eficiencia_Energetica": 0.2475092952,
    "Eficiencia_Operacional": 0.0855570546,
    "Tempo_Total_Manobras_h": 0.8211111111,
    "Quantidade_Manobras": 38,
    "Tempo_Medio_Manobras_min": 1.2964912281,
    "Frotas_no_dia": "298, 547",
    "Vel_Colheita_media": 3.5129572198
  },
  "10710 - JOCIVAL OLIVEIRA SOUSA": {
    "Horas_Registradas": 23.9997222222,
    "Horas_Produtivas": 0.0,
    "Horas_Improdutivas": 23.9997222222,
    "Horas_Auxiliar": 0.0,
    "Horas_Climático": 0.0,
    "Horas_Manutencao": 0.0,
    "Horas_Motor_Ligado": 0.0,
    "Porcentagem_Motor_Ligado": 0.0,
    "Horas_Motor_Ocioso": 0.0,
    "Porcentagem_Motor_Ocioso": 0.0,
    "Tempo_Sem_Apontamento_h": 23.9997222222,
    "Porcentagem_Sem_Apontamento": 100.0,
    "Eficiencia_Energetica": 0.0,
    "Eficiencia_Operacional": 0.0,
    "Tempo_Total_Manobras_h": 0.0,
    "Quantidade_Manobras": 0,
    "Tempo_Medio_Manobras_min": 0.0,
    "Frotas_no_dia": "354",
    "Vel_Colheita_media": null
  },
  "10770 - CHARLES FERREIRA BARBOSA": {
    "Horas_Registradas": 27.0427777778,
    "Horas_Produtivas": 2.3852777778,
    "Horas_Improdutivas": 24.1411111111,
    "Horas_Auxiliar": 0.1488888889,
    "Horas_Climático": 0.0597222222,
    "Horas_Manutencao": 0.3077777778,
    "Horas_Motor_Ligado": 2.8911111111,
    "Porcentagem_Motor_Ligado": 10.6908807034,
    "Horas_Motor_Ocioso": 0.1413888889,
    "Porcentagem_Motor_Ocioso": 0.5228341927,
    "Tempo_Sem_Apontamento_h": 24.0833333333,
    "Porcentagem_Sem_Apontamento": 89.0564332231,
    "Eficiencia_Energetica": 0.825038432,
    "Eficiencia_Operacional": 0.0882038745,
    "Tempo_Total_Manobras_h": 0.2672222222,
    "Quantidade_Manobras": 11,
    "Tempo_Medio_Manobras_min": 1.4575757576,
    "Frotas_no_dia": "298, 469",
    "Vel_Colheita_media": 4.3735265574
  }
}